Site ID,IP Address,Serial Number,Audio 1 L,Audio 1 L Service,Audio 1 R,Audio 1 R Service,Audio 2,Audio 2 Service,Audio 3,Audio 3 Service,Audio 4 L,Audio 4 L Service,Audio 4 R,Audio 4 R Service,Site Name,District,State
2046,10.49.33.46,34401610062,2202,ABC Dubbo,2201,ABC RN,2200,Classic FM,2204,triple j,2001,ABC News,2900,ABC EMG1,Ivanhoe RT,Melbourne,NSW
2052,10.12.20.20,34401623868,2202,ABC Dubbo,2201,ABC RN,2200,Classic FM,2204,triple j,2001,ABC News,2900,ABC EMG1,Knights Hill,Canberra,NSW
2064,10.12.18.74,34402861763,2202,ABC Dubbo,2201,ABC RN,2200,Classic FM,2204,triple j,2001,ABC News,2900,ABC EMG1,Middle Brother,Newcastle,NSW
2066,10.49.47.74,34401599312,2202,ABC Dubbo,2201,ABC RN,2200,Classic FM,2204,triple j,2001,ABC News,2900,ABC EMG1,Mt Bingar,Melbourne,NSW
2067,10.12.17.20,34401622339,2202,ABC Dubbo,2201,ABC RN,2200,Classic FM,2204,triple j,2001,ABC News,2900,ABC EMG1,Mt Canobolas,Newcastle,NSW
2068,10.12.22.82,34401610868,2202,ABC Dubbo,2201,ABC RN,2200,Classic FM,2204,triple j,2001,ABC News,2900,ABC EMG1,Mt Cenn Cruaich,Newcastle,NSW
2069,10.12.23.76,34401609029,2202,ABC Dubbo,2201,ABC RN,2200,Classic FM,2204,triple j,2001,ABC News,2900,ABC EMG1,Mt Dowe,Newcastle,NSW
2072,10.66.142.173,34402273627,2202,ABC Dubbo,2201,ABC RN,2200,Classic FM,2204,triple j,2001,ABC News,2900,ABC EMG1,Mt Gray RT,Canberra,NSW
2075,10.12.19.20,34401622346,2202,ABC Dubbo,2201,ABC RN,2200,Classic FM,2204,triple j,2001,ABC News,2900,ABC EMG1,Mt Moombil,Newcastle,NSW
2076,10.12.25.20,34401600046,2202,ABC Dubbo,2201,ABC RN,2200,Classic FM,2204,triple j,2001,ABC News,2900,ABC EMG1,Mt Nardi,Brisbane,NSW
2079,10.12.31.55,34401623934,2202,ABC Dubbo,2201,ABC RN,2200,Classic FM,2204,triple j,2001,ABC News,2900,ABC EMG1,Mt Sugarloaf,Newcastle,NSW
2082,10.12.50.90,34401612801,2202,ABC Dubbo,2201,ABC RN,2200,Classic FM,2204,triple j,2001,ABC News,2900,ABC EMG1,Mt Wandera,Canberra,NSW
2095,10.49.1.43,34401625220,2506,891 ABC Adelaide,2501,ABC RN,2500,Classic FM,2505,triple j,2001,ABC News,2900,ABC EMG1,Rocky Hill,Adelaide,NSW
2132,10.66.138.138,34401625221,2202,ABC Dubbo,2201,ABC RN,2200,Classic FM,2204,triple j,2001,ABC News,2900,ABC EMG1,Willans Hill,Canberra,NSW
3001,10.66.136.106,34401625275,2302,ABC Wdnga,2301,ABC RN,2300,Classic FM,2204,triple j,2001,ABC News,2900,ABC EMG1,Apex Lookout,Melbourne,VIC
3008,10.66.128.15,34401626597,2302,ABC Wdnga,2301,ABC RN,2300,Classic FM,2204,triple j,2001,ABC News,2900,ABC EMG1,Dooen MF,Melbourne,VIC
3013,10.13.16.73,34401620243,2302,ABC Wdnga,2301,ABC RN,2300,Classic FM,2204,triple j,2001,ABC News,2900,ABC EMG1,Goschen,Melbourne,VIC
3017,10.13.22.20,34401608097,2302,ABC Wdnga,2301,ABC RN,2300,Classic FM,2204,triple j,2001,ABC News,2900,ABC EMG1,Lookout Hill,Melbourne,VIC
3020,10.49.5.204,34401609187,2302,ABC Wdnga,2301,ABC RN,2300,Classic FM,2204,triple j,2001,ABC News,2900,ABC EMG1,Mallacoota RT,Melbourne,VIC
3026,10.13.23.20,34401623044,2302,ABC Wdnga,2301,ABC RN,2300,Classic FM,2204,triple j,2001,ABC News,2900,ABC EMG1,Mt Alexander,Melbourne,VIC
3028,10.13.24.82,34401620598,2302,ABC Wdnga,2301,ABC RN,2300,Classic FM,2204,triple j,2001,ABC News,2900,ABC EMG1,Mt Baranduda,Melbourne,VIC
3029,10.49.33.142,34401601509,2302,ABC Wdnga,2301,ABC RN,2300,Classic FM,2204,triple j,2001,ABC News,2900,ABC EMG1,Mt Clay,Melbourne,VIC
3031,10.13.17.20,34401597976,2302,ABC Wdnga,2301,ABC RN,2300,Classic FM,2204,triple j,2001,ABC News,2900,ABC EMG1,Mt Dundas,Melbourne,VIC
3035,10.13.21.20,34401627700,2302,ABC Wdnga,2301,ABC RN,2300,Classic FM,2204,triple j,2001,ABC News,2900,ABC EMG1,Mt Major,Melbourne,VIC
3038,10.13.25.80,34401619775,2302,ABC Wdnga,2301,ABC RN,2300,Classic FM,2204,triple j,2001,ABC News,2900,ABC EMG1,Mt Tassie,Melbourne,VIC
3057,10.13.50.20,34401623024,2302,ABC Wdnga,2301,ABC RN,2300,Classic FM,2204,triple j,2001,ABC News,2900,ABC EMG1,Yatpool,Melbourne,VIC
4000,10.66.144.139,34401606635,2403,ABC Longre,2401,ABC RN,2400,Classic FM,2405,triple j,2001,ABC News,2900,ABC EMG1,Alpha,South Queensland,QLD
4014,10.66.149.177,34401626859,2407,612 ABC Brisbane,2401,ABC RN,2400,Classic FM,2405,triple j,2001,ABC News,2900,ABC EMG1,Black Mountain RT,Brisbane,QLD
4023,10.66.150.140,34402281936,2402,ABC Cairns,2401,ABC RN,2400,Classic FM,2405,triple j,2001,ABC News,2901,ABC EMG2,Buchan Point RT,North Queensland,QLD
4026,10.49.6.205,34401622542,2404,ABC Mt Isa,2401,ABC RN,2400,Classic FM,2405,triple j,2001,ABC News,2900,ABC EMG1,Camooweal RT,North Queensland,QLD
4036,10.49.34.144,34401623562,2402,ABC Cairns,2401,ABC RN,2400,Classic FM,2405,triple j,2001,ABC News,2900,ABC EMG1,Cooktown,North Queensland,QLD
4039,10.49.43.235,34401628249,2402,ABC Cairns,2401,ABC RN,2400,Classic FM,2405,triple j,2001,ABC News,2900,ABC EMG1,Croydon,North Queensland,QLD
4046,10.49.17.13,34401621452,2407,612 ABC Brisbane,2401,ABC RN,2400,Classic FM,2405,triple j,2001,ABC News,2900,ABC EMG1,Dulong Lookout,Brisbane,QLD
4051,10.66.146.77,34402078249,2406,ABC Toowoo,2401,ABC RN,2400,Classic FM,2405,triple j,2001,ABC News,2900,ABC EMG1,Emerald Downs RT,South Queensland,QLD
4053,10.49.42.238,34401609000,2402,ABC Cairns,2401,ABC RN,2400,Classic FM,2405,triple j,2001,ABC News,2900,ABC EMG1,Georgetown,North Queensland,QLD
4062,10.49.42.206,34401612691,2404,ABC Mt Isa,2401,ABC RN,2400,Classic FM,2405,triple j,2001,ABC News,2900,ABC EMG1,Hospital Hill,North Queensland,QLD
4070,10.49.8.200,34401611647,2404,ABC Mt Isa,2401,ABC RN,2400,Classic FM,2405,triple j,2001,ABC News,2900,ABC EMG1,Karumba,North Queensland,QLD
4071,10.49.43.203,None,NA,NA,NA,NA,NA,NA,NA,NA,NA,NA,NA,NA,Laura RT,North Queensland,QLD
4074,10.65.202.12,34402069810,2407,612 ABC Brisbane,2401,ABC RN,2400,Classic FM,2405,triple j,2001,ABC News,2900,ABC EMG1,Lower Beechmont,Brisbane,QLD
4086,10.49.5.110,34401610597,2406,ABC Toowoo,2401,ABC RN,2400,Classic FM,2405,triple j,2001,ABC News,2900,ABC EMG1,Mitchell Escarpment,South Queensland,QLD
4091,10.11.22.36,34401623714,2402,ABC Cairns,2401,ABC RN,2400,Classic FM,2405,triple j,2001,ABC News,2900,ABC EMG1,Mt Bellenden-Ker,North Queensland,QLD
4093,10.11.23.20,34401627306,2402,ABC Cairns,2401,ABC RN,2400,Classic FM,2405,triple j,2001,ABC News,2900,ABC EMG1,Mt Blackwood,North Queensland,QLD
4097,10.11.21.36,34401604679,2403,ABC Longre,2401,ABC RN,2400,Classic FM,2405,triple j,2001,ABC News,2900,ABC EMG1,Mt Goonaneman,South Queensland,QLD
4100,10.49.29.78,34401620772,2404,ABC Mt Isa,2401,ABC RN,2400,Classic FM,2405,triple j,2001,ABC News,2900,ABC EMG1,DCA Hill,North Queensland,QLD
4104,10.11.19.36,34401604705,NA,NA,NA,NA,NA,NA,NA,NA,NA,NA,NA,NA,Mt Mowbullan,South Queensland,QLD
4105,10.49.12.111,34401621912,2402,ABC Cairns,2401,ABC RN,2400,Classic FM,2405,triple j,2001,ABC News,2900,ABC EMG1,Mt Myrtle RT,North Queensland,QLD
4107,10.11.50.20,34401620894,2403,ABC Longre,2401,ABC RN,2400,Classic FM,2405,triple j,2001,ABC News,2900,ABC EMG1,Mt Stuart,North Queensland,QLD
4114,10.11.18.36,34401609951,2406,ABC Toowoo,2401,ABC RN,2400,Classic FM,2405,triple j,2001,ABC News,2900,ABC EMG1,Passchendaele Ridge,South Queensland,QLD
4115,10.49.43.139,34401623034,2403,ABC Longre,2401,ABC RN,2400,Classic FM,2405,triple j,2001,ABC News,2900,ABC EMG1,Pentland RT,North Queensland,QLD
4125,10.66.150.205,34401603094,2403,ABC Longre,2401,ABC RN,2400,Classic FM,2405,triple j,2001,ABC News,2900,ABC EMG1,Round Hill,South Queensland,QLD
4127,10.66.139.76,34402083072,2402,ABC Cairns,2401,ABC RN,2400,Classic FM,2405,triple j,2001,ABC News,2900,ABC EMG1,Shingle Beach Hill,North Queensland,QLD
4161,10.66.139.106,34401598674,2402,ABC Cairns,2401,ABC RN,2400,Classic FM,2405,triple j,2001,ABC News,2900,ABC EMG1,Bowen Hill,North Queensland,QLD
4176,10.49.17.168,34401609032,2402,ABC Cairns,2401,ABC RN,2400,Classic FM,2405,triple j,2001,ABC News,2900,ABC EMG1,Glenden,North Queensland,QLD
4218,10.49.17.136,34401624176,2402,ABC Cairns,2401,ABC RN,2400,Classic FM,2405,triple j,2001,ABC News,2900,ABC EMG1,Lakeland RT,North Queensland,QLD
5004,10.49.21.45,34401620258,2502,ABC PPirie,2501,ABC RN,2500,Classic FM,2505,triple j,2001,ABC News,2900,ABC EMG1,Borthwick Hill RT,Adelaide,SA
5006,10.49.9.15,34401626458,2502,ABC PPirie,2501,ABC RN,2500,Classic FM,2505,triple j,2001,ABC News,2900,ABC EMG1,Coober Pedy RT,Adelaide,SA
5012,10.49.23.109,34401614499,2502,ABC PPirie,2501,ABC RN,2500,Classic FM,2505,triple j,2001,ABC News,2900,ABC EMG1,Leigh Creek MF,Adelaide,SA
5013,10.65.170.20,34401619251,2502,ABC PPirie,2501,ABC RN,2500,Classic FM,2505,triple j,2001,ABC News,2900,ABC EMG1,Loxton,Adelaide,SA
5015,10.14.17.20,34401629268,2502,ABC PPirie,2501,ABC RN,2500,Classic FM,2505,triple j,2001,ABC News,2900,ABC EMG1,Mt Burr,Adelaide,SA
5024,10.66.129.171,34394091255,2502,ABC PPirie,2501,ABC RN,2500,Classic FM,2505,triple j,2001,ABC News,2900,ABC EMG1,Roxby Downs RT,Adelaide,SA
5025,10.49.22.13,34401614587,2502,ABC PPirie,2501,ABC RN,2500,Classic FM,2505,triple j,2001,ABC News,2900,ABC EMG1,Streaky Bay MF,Adelaide,SA
5027,10.14.18.20,34401623632,2502,ABC PPirie,2501,ABC RN,2500,Classic FM,2505,triple j,2001,ABC News,2900,ABC EMG1,The Bluff,Adelaide,SA
6007,10.49.34.47,34401622632,2602,ABC Karr,2601,ABC RN,2600,Classic FM,2605,triple j,2001,ABC News,2900,ABC EMG1,Brown Range,Perth,WA
6008,10.49.47.8,34402282075,2606,ABC Bunbury,2601,ABC RN,2600,Classic FM,2605,triple j,2001,ABC News,2900,ABC EMG1,Yallingup MF,Perth,WA
6015,10.49.46.171,34401620793,2608,ABC Gerald,2601,ABC RN,2600,Classic FM,2605,triple j,2001,ABC News,2900,ABC EMG1,Dalwallinu MF,Perth,WA
6031,10.49.2.110,34401607781,2608,ABC Gerald,2601,ABC RN,2600,Classic FM,2605,triple j,2001,ABC News,2900,ABC EMG1,Kalbarri,Perth,WA
6047,10.49.0.237,34401613811,2603,ABC Kalgoo,2601,ABC RN,2600,Classic FM,2605,triple j,2001,ABC News,2900,ABC EMG1,Mawson Trig,Perth,WA
6052,10.66.144.176,34401622612,2603,ABC Kalgoo,2601,ABC RN,2600,Classic FM,2605,triple j,2001,ABC News,2900,ABC EMG1,Moresby Range,Perth,WA
6054,10.65.158.21,34402277973,2603,ABC Kalgoo,2601,ABC RN,2600,Classic FM,2605,triple j,2001,ABC News,2900,ABC EMG1,Mt Barker,Perth,WA
6058,10.15.17.23,34401621366,2602,ABC Karr,2601,ABC RN,2600,Classic FM,2605,triple j,2001,ABC News,2900,ABC EMG1,Mt Lennard,Perth,WA
6078,10.49.14.44,34401619561,2603,ABC Kalgoo,2601,ABC RN,2600,Classic FM,2605,triple j,2001,ABC News,2900,ABC EMG1,Peters Hill,Perth,WA
6079,10.49.46.237,34401621060,2602,ABC Karr,2601,ABC RN,2600,Classic FM,2605,triple j,2001,ABC News,2900,ABC EMG1,Finucane Island,Perth,WA
6089,10.66.128.134,34401628308,2606,ABC Bunbury,2601,ABC RN,2600,Classic FM,2605,triple j,2001,ABC News,2900,ABC EMG1,Minding MF,Perth,WA
6090,10.66.145.140,34401628514,2603,ABC Kalgoo,2601,ABC RN,2600,Classic FM,2605,triple j,2001,ABC News,2900,ABC EMG1,Wireless Hill RT,Perth,WA
6094,10.49.33.173,34401617404,2608,ABC Gerald,2601,ABC RN,2600,Classic FM,2605,triple j,2001,ABC News,2900,ABC EMG1,Yalgoo,Perth,WA
7007,10.66.137.79,34401615137,2702,ABC Laun,2601,ABC RN,2600,Classic FM,2605,triple j,2001,ABC News,2900,ABC EMG1,Kelcey Tier,Tasmania,TAS
7012,10.13.200.20,34401614038,2702,ABC Laun,2701,ABC RN,2200,Classic FM,2204,triple j,2001,ABC News,2900,ABC EMG1,Mt Barrow,Tasmania,TAS
8000,10.49.32.139,34401614774,2802,1057 ABC Darwin,2801,ABC RN,2800,Classic FM,2805,triple j,2001,ABC News,2900,ABC EMG1,Robin Falls,Darwin,NT
8005,10.49.43.79,34401604414,2802,1057 ABC Darwin,2801,ABC RN,2800,Classic FM,2805,triple j,2001,ABC News,2900,ABC EMG1,Borroloola,Darwin,NT
8011,10.49.38.238,34401613664,2802,1057 ABC Darwin,2801,ABC RN,2800,Classic FM,2805,triple j,2001,ABC News,2900,ABC EMG1,Galiwinku,Darwin,NT
8034,10.66.136.200,34402276804,2803,ABC Alice,2801,ABC RN,2800,Classic FM,2805,triple j,2001,ABC News,2900,ABC EMG1,West Gap,Darwin,NT
6079,10.49.46.238,34401622185,2602,ABC Karr,2601,ABC RN,2600,Classic FM,2605,triple j,2001,ABC News,2900,ABC EMG1,Finucane Island,Perth,WA
6090,10.66.145.139,34401627178,2603,ABC Kalgoo,2601,ABC RN,2600,Classic FM,2605,triple j,2001,ABC News,2900,ABC EMG1,Wireless Hill RT,Perth,WA
6094,10.49.33.174,34401610638,2608,ABC Gerald,2601,ABC RN,2600,Classic FM,2605,triple j,2001,ABC News,2900,ABC EMG1,Yalgoo,Perth,WA
8000,10.49.32.140,34401611320,2802,1057 ABC Darwin,2801,ABC RN,2800,Classic FM,2805,triple j,2001,ABC News,2900,ABC EMG1,Robin Falls,Darwin,NT
8005,10.49.43.80,34401625526,2802,1057 ABC Darwin,2801,ABC RN,2800,Classic FM,2805,triple j,2001,ABC News,2900,ABC EMG1,Borroloola,Darwin,NT
2132,10.66.138.136,34401604761,2202,ABC Dubbo,2201,ABC RN,2200,Classic FM,2204,triple j,2001,ABC News,2900,ABC EMG1,Willans Hill,Canberra,NSW
4033,10.49.36.111,34401624231,2403,ABC Longre,2401,ABC RN,2400,Classic FM,2405,triple j,2001,ABC News,2900,ABC EMG1,Clermont,North Queensland,QLD
4098,10.11.16.36,34401609939,2403,ABC Longre,2401,ABC RN,2400,Classic FM,2405,triple j,2001,ABC News,2900,ABC EMG1,Mt Hopeful,South Queensland,QLD
4124,10.49.36.47,34401597599,2406,ABC Toowoo,2401,ABC RN,2400,Classic FM,2405,triple j,2001,ABC News,2900,ABC EMG1,Roma RT,South Queensland,QLD
6065,10.49.22.175,34401619762,2602,ABC Karr,2601,ABC RN,2600,Classic FM,2605,triple j,2001,ABC News,2900,ABC EMG1,Narrogin RT,Perth,WA
2023,10.49.41.207,34401608434,2202,ABC Dubbo,2201,ABC RN,2200,Classic FM,2204,triple j,2001,ABC News,2900,ABC EMG1,Condobolin,Newcastle,NSW
2027,10.66.143.171,34401623895,2202,ABC Dubbo,2201,ABC RN,2200,Classic FM,2204,triple j,2001,ABC News,2900,ABC EMG1,Wades Hill,Canberra,NSW
2029,10.66.130.236,34401625778,2202,ABC Dubbo,2201,ABC RN,2200,Classic FM,2204,triple j,2001,ABC News,2900,ABC EMG1,Deniliquin,Melbourne,NSW
2032,10.49.39.171,34401598473,2202,ABC Dubbo,2201,ABC RN,2200,Classic FM,2204,triple j,2001,ABC News,2900,ABC EMG1,The Gap Range,Brisbane,NSW
2034,10.66.135.109,34401598322,2202,ABC Dubbo,2201,ABC RN,2200,Classic FM,2204,triple j,2001,ABC News,2900,ABC EMG1,Carpenters Hill,Brisbane,NSW
2038,10.49.42.111,34401617027,2202,ABC Dubbo,2201,ABC RN,2200,Classic FM,2204,triple j,2001,ABC News,2900,ABC EMG1,Goodooga RT,Newcastle,NSW
2042,10.49.20.43,34401611209,2202,ABC Dubbo,2201,ABC RN,2200,Classic FM,2201,ABC RN,2202,ABC Dubbo,2202,ABC Dubbo,Goulburn MF,Canberra,NSW
2044,10.49.9.235,34401602296,2202,ABC Dubbo,2201,ABC RN,2200,Classic FM,2204,triple j,2001,ABC News,2900,ABC EMG1,Hay,Melbourne,NSW
2047,10.49.37.207,34401624500,2202,ABC Dubbo,2201,ABC RN,2200,Classic FM,2204,triple j,2001,ABC News,2900,ABC EMG1,Jerilderie,Melbourne,NSW
2049,10.49.41.48,34401623447,2202,ABC Dubbo,2201,ABC RN,2200,Classic FM,2204,triple j,2001,ABC News,2900,ABC EMG1,Mt Cumbermelon,Newcastle,NSW
2057,10.49.42.144,34401620595,2202,ABC Dubbo,2201,ABC RN,2200,Classic FM,2204,triple j,2001,ABC News,2900,ABC EMG1,Lightning Ridge,Newcastle,NSW
2058,10.49.7.140,34401610809,2202,ABC Dubbo,2201,ABC RN,2200,Classic FM,2204,triple j,2001,ABC News,2900,ABC EMG1,Littleton,Canberra,NSW
2062,10.49.27.238,34401609673,2202,ABC Dubbo,2201,ABC RN,2200,Classic FM,2204,triple j,2001,ABC News,2900,ABC EMG1,Menindee,Adelaide,NSW
2063,10.49.28.207,34401618005,2202,ABC Dubbo,2201,ABC RN,2200,Classic FM,2204,triple j,2001,ABC News,2900,ABC EMG1,Merriwa,Newcastle,NSW
2073,10.66.151.144,34401626853,2202,ABC Dubbo,2201,ABC RN,2200,Classic FM,2204,triple j,2001,ABC News,2900,ABC EMG1,Mt Helen RT,Newcastle,NSW
2077,10.49.6.110,34401622439,2202,ABC Dubbo,2201,ABC RN,2200,Classic FM,2204,triple j,2001,ABC News,2900,ABC EMG1,Mt Oxley RT,Newcastle,NSW
2093,10.49.38.176,34401613003,2900,ABC EMG1,2201,ABC RN,2200,Classic FM,2204,triple j,2001,ABC News,2900,ABC EMG1,Garlands Hill,Canberra,NSW
2111,10.49.21.203,34403221237,2202,ABC Dubbo,2201,ABC RN,2200,Classic FM,2204,triple j,2001,ABC News,2900,ABC EMG1,Clive Blakes Hill,Newcastle,NSW
2112,10.49.4.104,34401609709,2202,ABC Dubbo,2201,ABC RN,2200,Classic FM,2204,triple j,2001,ABC News,2900,ABC EMG1,Walgett,Newcastle,NSW
2114,10.49.27.203,34401617226,2202,ABC Dubbo,2201,ABC RN,2200,Classic FM,2204,triple j,2001,ABC News,2900,ABC EMG1,Wilcannia MF,Adelaide,NSW
2132,10.66.138.137,34401620824,2202,ABC Dubbo,2201,ABC RN,2200,Classic FM,2204,triple j,2001,ABC News,2900,ABC EMG1,Willans Hill,Canberra,NSW
2149,10.66.150.171,34401621767,2202,ABC Dubbo,2201,ABC RN,2200,Classic FM,2204,triple j,2001,ABC News,2900,ABC EMG1,Balranald Exchange RT,Melbourne,NSW
3032,10.66.133.80,34401614839,2302,ABC Wdnga,2301,ABC RN,2300,Classic FM,2204,triple j,2001,ABC News,2900,ABC EMG1,Mt Elliot,Melbourne,VIC
3033,10.49.27.141,34402870964,2302,ABC Wdnga,2301,ABC RN,2300,Classic FM,2204,triple j,2001,ABC News,2900,ABC EMG1,Mt Lawloit RT,Melbourne,VIC
3034,10.49.40.235,34401629015,2302,ABC Wdnga,2301,ABC RN,2300,Classic FM,2204,triple j,2001,ABC News,2900,ABC EMG1,Mt Livingstone,Melbourne,VIC
3036,10.49.6.240,34401616845,2302,ABC Wdnga,2301,ABC RN,2300,Classic FM,2204,triple j,2001,ABC News,2900,ABC EMG1,Mt Raymond RT,Melbourne,VIC
3048,10.66.146.15,34401614033,2302,ABC Wdnga,2301,ABC RN,2300,Classic FM,2204,triple j,2001,ABC News,2900,ABC EMG1,The Paps,Melbourne,VIC
3052,10.49.33.75,34401617876,2302,ABC Wdnga,2301,ABC RN,2300,Classic FM,2204,triple j,2001,ABC News,2900,ABC EMG1,Wangaratta MF,Melbourne,VIC
3056,10.49.33.107,34401619786,2302,ABC Wdnga,2301,ABC RN,2300,Classic FM,2204,triple j,2001,ABC News,2900,ABC EMG1,Wodonga MF,Melbourne,VIC
3080,10.49.9.203,34401627773,2302,ABC Wdnga,2301,ABC RN,2300,Classic FM,2204,triple j,2001,ABC News,2900,ABC EMG1,Hopetoun,Melbourne,VIC
4001,10.49.43.111,34401624328,2402,ABC Cairns,2401,ABC RN,2400,Classic FM,2405,triple j,2001,ABC News,2900,ABC EMG1,Aramac,South Queensland,QLD
4003,10.49.23.174,34401608317,2403,ABC Longre,2401,ABC RN,2400,Classic FM,2405,triple j,2001,ABC News,2900,ABC EMG1,Augathella,South Queensland,QLD
4009,10.49.35.75,34401613438,2406,ABC Toowoo,2401,ABC RN,2400,Classic FM,2405,triple j,2001,ABC News,2900,ABC EMG1,Barcaldine,South Queensland,QLD
4010,10.49.36.77,34401627171,2406,ABC Toowoo,2401,ABC RN,2400,Classic FM,2405,triple j,2001,ABC News,2900,ABC EMG1,Barcoola Homestead,South Queensland,QLD
4012,10.49.45.75,34401624787,2403,ABC Longre,2401,ABC RN,2400,Classic FM,2405,triple j,2001,ABC News,2900,ABC EMG1,Bedourie,South Queensland,QLD
4013,10.49.32.110,34401624288,2403,ABC Longre,2401,ABC RN,2400,Classic FM,2405,triple j,2001,ABC News,2900,ABC EMG1,Birdsville RT,South Queensland,QLD
4015,10.49.36.13,34401619738,2403,ABC Longre,2401,ABC RN,2400,Classic FM,2405,triple j,2001,ABC News,2900,ABC EMG1,Blackall,South Queensland,QLD
4018,10.49.40.203,34402082375,2404,ABC Mt Isa,2401,ABC RN,2400,Classic FM,2405,triple j,2001,ABC News,2900,ABC EMG1,Boulia,South Queensland,QLD
4027,10.66.146.139,34401609241,2406,ABC Toowoo,2401,ABC RN,2400,Classic FM,2405,triple j,2001,ABC News,2900,ABC EMG1,Capella,South Queensland,QLD
4028,10.49.43.15,34401608305,2402,ABC Cairns,2401,ABC RN,2400,Classic FM,2405,triple j,2001,ABC News,2900,ABC EMG1,Carborough Range,North Queensland,QLD
4030,10.49.21.15,34401616327,2403,ABC Longre,2401,ABC RN,2400,Classic FM,2405,triple j,2001,ABC News,2900,ABC EMG1,Charleville,South Queensland,QLD
4032,10.49.30.206,34401603891,2403,ABC Longre,2401,ABC RN,2400,Classic FM,2405,triple j,2001,ABC News,2900,ABC EMG1,Towers Hill,North Queensland,QLD
4033,10.49.36.112,34401629281,2403,ABC Longre,2401,ABC RN,2400,Classic FM,2405,triple j,2001,ABC News,2900,ABC EMG1,Clermont,North Queensland,QLD
4035,10.49.43.171,34402276011,2402,ABC Cairns,2401,ABC RN,2400,Classic FM,2405,triple j,2001,ABC News,2900,ABC EMG1,Coen RT,North Queensland,QLD
4037,10.49.40.171,34401623405,2403,ABC Longre,2401,ABC RN,2400,Classic FM,2405,triple j,2001,ABC News,2900,ABC EMG1,Olio,North Queensland,QLD
4041,10.66.146.172,34401621383,2403,ABC Longre,2401,ABC RN,2400,Classic FM,2405,triple j,2001,ABC News,2900,ABC EMG1,Cutlers Hill RT,South Queensland,QLD
4045,10.49.25.78,34401624322,2402,ABC Cairns,2401,ABC RN,2400,Classic FM,2405,triple j,2001,ABC News,2900,ABC EMG1,Dirranbandi,South Queensland,QLD
4048,10.49.31.109,34401623036,2406,ABC Toowoo,2401,ABC RN,2400,Classic FM,2405,triple j,2001,ABC News,2900,ABC EMG1,Reservoir Hill,South Queensland,QLD
4054,10.49.25.112,34401606154,2406,ABC Toowoo,2401,ABC RN,2400,Classic FM,2405,triple j,2001,ABC News,2900,ABC EMG1,Goondiwindi,South Queensland,QLD
4058,10.49.39.49,34402276051,2403,ABC Longre,2401,ABC RN,2400,Classic FM,2405,triple j,2001,ABC News,2900,ABC EMG1,Green Hill,North Queensland,QLD
4059,10.49.44.43,34401619944,2402,ABC Cairns,2401,ABC RN,2400,Classic FM,2405,triple j,2001,ABC News,2900,ABC EMG1,Greenvale,North Queensland,QLD
4064,10.49.32.240,34401626324,2403,ABC Longre,2401,ABC RN,2400,Classic FM,2405,triple j,2001,ABC News,2900,ABC EMG1,Hughenden,North Queensland,QLD
4066,10.49.40.139,34401623687,2403,ABC Longre,2401,ABC RN,2400,Classic FM,2405,triple j,2001,ABC News,2900,ABC EMG1,Isisford,South Queensland,QLD
4067,10.66.144.75,34401616333,2403,ABC Longre,2401,ABC RN,2400,Classic FM,2405,triple j,2001,ABC News,2900,ABC EMG1,Colorado,South Queensland,QLD
4069,10.49.28.110,34401613579,2404,ABC Mt Isa,2401,ABC RN,2400,Classic FM,2405,triple j,2001,ABC News,2900,ABC EMG1,Julia Creek RT,North Queensland,QLD
4072,10.49.3.169,34401612665,2403,ABC Longre,2401,ABC RN,2400,Classic FM,2405,triple j,2001,ABC News,2900,ABC EMG1,Longreach,South Queensland,QLD
4083,10.66.143.203,34401620218,NA,NA,NA,NA,NA,NA,NA,NA,NA,NA,NA,NA,Middlemount RT,North Queensland,QLD
4084,10.49.2.215,34401600959,2403,ABC Longre,2401,ABC RN,2400,Classic FM,2405,triple j,2001,ABC News,2900,ABC EMG1,Miles Hill RT,South Queensland,QLD
4087,10.49.22.206,34401598676,2403,ABC Longre,2401,ABC RN,2400,Classic FM,2405,triple j,2001,ABC News,2900,ABC EMG1,Morven,South Queensland,QLD
4089,10.49.31.174,34401619276,2403,ABC Longre,2401,ABC RN,2400,Classic FM,2405,triple j,2001,ABC News,2900,ABC EMG1,Moura,South Queensland,QLD
4090,10.66.139.137,34401609273,2403,ABC Longre,2401,ABC RN,2400,Classic FM,2405,triple j,2001,ABC News,2900,ABC EMG1,Mt Avarice RT,North Queensland,QLD
4095,10.49.13.204,34401598923,2402,ABC Cairns,2401,ABC RN,2400,Classic FM,2405,triple j,2001,ABC News,2900,ABC EMG1,Mt Devlin,North Queensland,QLD
4103,10.66.138.43,34401599463,2402,ABC Cairns,2401,ABC RN,2400,Classic FM,2405,triple j,2001,ABC News,2900,ABC EMG1,Mt Molloy,North Queensland,QLD
4112,10.49.17.75,34401602986,2403,ABC Longre,2401,ABC RN,2400,Classic FM,2405,triple j,2001,ABC News,2900,ABC EMG1,Muttaburra,South Queensland,QLD
4117,10.66.138.14,None,NA,NA,NA,NA,NA,NA,NA,NA,NA,NA,NA,NA,Newell Beach RT,North Queensland,QLD
4118,10.49.32.78,34401626931,2403,ABC Longre,2401,ABC RN,2400,Classic FM,2405,triple j,2001,ABC News,2900,ABC EMG1,Quilpie,South Queensland,QLD
4119,10.49.30.173,34401628646,2403,ABC Longre,2401,ABC RN,2400,Classic FM,2405,triple j,2001,ABC News,2900,ABC EMG1,Rangelands,North Queensland,QLD
4120,10.49.28.45,34401613954,2403,ABC Longre,2401,ABC RN,2400,Classic FM,2405,triple j,2001,ABC News,2900,ABC EMG1,Richmond RT,North Queensland,QLD
4122,10.49.15.139,34402273333,2402,ABC Cairns,2401,ABC RN,2400,Classic FM,2405,triple j,2001,ABC News,2900,ABC EMG1,Rocky Point,North Queensland,QLD
4123,10.66.146.108,34402084852,2403,ABC Longre,2401,ABC RN,2400,Classic FM,2405,triple j,2001,ABC News,2900,ABC EMG1,Roddas Lookout RT,South Queensland,QLD
4124,10.49.36.48,34401612636,2406,ABC Toowoo,2401,ABC RN,2400,Classic FM,2405,triple j,2001,ABC News,2900,ABC EMG1,Roma RT,South Queensland,QLD
4131,10.49.20.173,34401612210,2403,ABC Longre,2401,ABC RN,2400,Classic FM,2405,triple j,2001,ABC News,2900,ABC EMG1,St George,South Queensland,QLD
4133,10.49.10.204,34401611692,2403,ABC Longre,2401,ABC RN,2400,Classic FM,2405,triple j,2001,ABC News,2900,ABC EMG1,Mt Walpanara,South Queensland,QLD
4134,10.49.35.239,34401605532,2403,ABC Longre,2401,ABC RN,2400,Classic FM,2405,triple j,2001,ABC News,2900,ABC EMG1,Tambo,South Queensland,QLD
4135,10.49.31.239,34402082706,2406,ABC Toowoo,2401,ABC RN,2400,Classic FM,2405,triple j,2001,ABC News,2900,ABC EMG1,Taroom,South Queensland,QLD
4139,10.49.31.204,34401627965,2406,ABC Toowoo,2401,ABC RN,2400,Classic FM,2405,triple j,2001,ABC News,2900,ABC EMG1,Theodore,South Queensland,QLD
4147,10.49.32.15,34401619402,2406,ABC Toowoo,2401,ABC RN,2400,Classic FM,2405,triple j,2001,ABC News,2900,ABC EMG1,Wandoan,South Queensland,QLD
4151,10.49.10.140,34401605956,2403,ABC Longre,2401,ABC RN,2400,Classic FM,2405,triple j,2001,ABC News,2900,ABC EMG1,Yellowcap Ridge,South Queensland,QLD
5001,10.49.18.139,34401625081,2502,ABC PPirie,2501,ABC RN,2500,Classic FM,2505,triple j,2001,ABC News,2900,ABC EMG1,Andamooka RT,Adelaide,SA
5002,10.49.18.8,34401629188,2502,ABC PPirie,2501,ABC RN,2500,Classic FM,2505,triple j,2001,ABC News,2900,ABC EMG1,Berri MF,Adelaide,SA
5009,10.49.22.238,34401598212,2502,ABC PPirie,2501,ABC RN,2500,Classic FM,2505,triple j,2001,ABC News,2900,ABC EMG1,Hawker,Adelaide,SA
5010,10.49.8.145,34401619141,2502,ABC PPirie,2501,ABC RN,2500,Classic FM,2505,triple j,2001,ABC News,2900,ABC EMG1,Keith RT,Adelaide,SA
5011,10.49.17.236,34401609006,2502,ABC PPirie,2501,ABC RN,2500,Classic FM,2505,triple j,2001,ABC News,2900,ABC EMG1,Kongwirra RT,Adelaide,SA
5014,10.66.151.205,34401627709,2502,ABC PPirie,2501,ABC RN,2500,Classic FM,2505,triple j,2001,ABC News,2900,ABC EMG1,Marree,Adelaide,SA
5016,10.49.18.74,34401613669,2502,ABC PPirie,2501,ABC RN,2500,Classic FM,2505,triple j,2001,ABC News,2900,ABC EMG1,Mt Damper,Adelaide,SA
5023,10.49.35.143,34401620747,2502,ABC PPirie,2501,ABC RN,2500,Classic FM,2505,triple j,2001,ABC News,2900,ABC EMG1,Quorn,Adelaide,SA
5029,10.66.131.39,34401620086,2502,ABC PPirie,2501,ABC RN,2500,Classic FM,2505,triple j,2001,ABC News,2900,ABC EMG1,Watertank Hill RT,Adelaide,SA
5031,10.49.17.204,34401605394,2502,ABC PPirie,2501,ABC RN,2500,Classic FM,2505,triple j,2001,ABC News,2900,ABC EMG1,Wirrulla RT,Adelaide,SA
6001,10.66.133.8,34401600092,2606,ABC Bunbury,2601,ABC RN,2600,Classic FM,2605,triple j,2001,ABC News,2900,ABC EMG1,Augusta,Perth,WA
6006,10.49.30.110,34401627191,2604,ABC Broome,2601,ABC RN,2600,Classic FM,2605,triple j,2001,ABC News,2900,ABC EMG1,Broome MF,Darwin,WA
6014,10.49.18.43,34402281840,2608,ABC Gerald,2601,ABC RN,2600,Classic FM,2605,triple j,2001,ABC News,2900,ABC EMG1,Cue,Perth,WA
6017,10.66.140.112,34401612909,2604,ABC Broome,2601,ABC RN,2600,Classic FM,2605,triple j,2001,ABC News,2900,ABC EMG1,Derby Town RT,Darwin,WA
6019,10.49.21.235,34401622829,2603,ABC Kalgoo,2601,ABC RN,2600,Classic FM,2605,triple j,2001,ABC News,2900,ABC EMG1,Eneabba,Perth,WA
6021,10.66.143.45,34401621388,2602,ABC Karr,2601,ABC RN,2600,Classic FM,2605,triple j,2001,ABC News,2900,ABC EMG1,North West Cape,Perth,WA
6024,10.49.15.12,34401622830,2604,ABC Broome,2601,ABC RN,2600,Classic FM,2605,triple j,2001,ABC News,2900,ABC EMG1,Fitzroy Crossing RT,Darwin,WA
6026,10.49.23.238,34401629476,2603,ABC Kalgoo,2601,ABC RN,2600,Classic FM,2605,triple j,2001,ABC News,2900,ABC EMG1,Ghooli RT,Perth,WA
6029,10.49.24.14,34401628640,2603,ABC Kalgoo,2601,ABC RN,2600,Classic FM,2605,triple j,2001,ABC News,2900,ABC EMG1,Hawkes Place,Perth,WA
6030,10.49.28.13,None,NA,NA,NA,NA,NA,NA,NA,NA,NA,NA,NA,NA,Jurien,Perth,WA
6034,10.49.11.8,34401611852,2602,ABC Karr,2601,ABC RN,2600,Classic FM,2605,triple j,2001,ABC News,2900,ABC EMG1,Karratha,Perth,WA
6037,10.66.140.48,34401611442,2604,ABC Broome,2601,ABC RN,2600,Classic FM,2605,triple j,2001,ABC News,2900,ABC EMG1,Kellys Knob,Darwin,WA
6042,10.49.28.76,34401601964,2608,ABC Gerald,2601,ABC RN,2600,Classic FM,2605,triple j,2001,ABC News,2900,ABC EMG1,Leeman,Perth,WA
6044,10.49.24.46,34401623201,2603,ABC Kalgoo,2601,ABC RN,2600,Classic FM,2605,triple j,2001,ABC News,2900,ABC EMG1,Leonora RT,Perth,WA
6046,10.49.16.236,34401618547,2602,ABC Karr,2601,ABC RN,2600,Classic FM,2605,triple j,2001,ABC News,2900,ABC EMG1,Marble Bar,Perth,WA
6048,10.49.36.207,34401610377,2608,ABC Gerald,2601,ABC RN,2600,Classic FM,2605,triple j,2001,ABC News,2900,ABC EMG1,Meekatharra,Perth,WA
6049,10.49.23.207,34401599843,2603,ABC Kalgoo,2601,ABC RN,2600,Classic FM,2605,triple j,2001,ABC News,2900,ABC EMG1,Menzies RT,Perth,WA
6050,10.66.147.235,34401629273,2603,ABC Kalgoo,2601,ABC RN,2600,Classic FM,2605,triple j,2001,ABC News,2900,ABC EMG1,Merredin RT,Perth,WA
6053,10.66.140.138,34401628278,2604,ABC Broome,2601,ABC RN,2600,Classic FM,2605,triple j,2001,ABC News,2900,ABC EMG1,Mt Albany,Darwin,WA
6059,10.49.33.207,34401622721,2608,ABC Gerald,2601,ABC RN,2600,Classic FM,2605,triple j,2001,ABC News,2900,ABC EMG1,Mt Magnet,Perth,WA
6061,10.49.35.48,34401614689,2603,ABC Kalgoo,2601,ABC RN,2600,Classic FM,2605,triple j,2001,ABC News,2900,ABC EMG1,Mt Welcome,Perth,WA
6063,10.66.132.41,34401622891,2606,ABC Bunbury,2601,ABC RN,2600,Classic FM,2605,triple j,2001,ABC News,2900,ABC EMG1,Nannup,Perth,WA
6064,10.49.27.78,34401618409,2603,ABC Kalgoo,2601,ABC RN,2600,Classic FM,2605,triple j,2001,ABC News,2900,ABC EMG1,Narembeen,Perth,WA
6066,10.49.17.109,34401617315,2602,ABC Karr,2601,ABC RN,2600,Classic FM,2605,triple j,2001,ABC News,2900,ABC EMG1,Newman MF,Perth,WA
6067,10.66.150.77,34401623032,2603,ABC Kalgoo,2601,ABC RN,2600,Classic FM,2605,triple j,2001,ABC News,2900,ABC EMG1,Norseman RT,Perth,WA
6071,10.66.143.75,34401628445,2602,ABC Karr,2601,ABC RN,2600,Classic FM,2605,triple j,2001,ABC News,2900,ABC EMG1,Onslow,Perth,WA
6072,10.49.16.171,34394090125,2602,ABC Karr,2601,ABC RN,2600,Classic FM,2605,triple j,2001,ABC News,2900,ABC EMG1,Pannawonica,Perth,WA
6074,10.49.8.20,34401605115,2602,ABC Karr,2601,ABC RN,2600,Classic FM,2605,triple j,2001,ABC News,2900,ABC EMG1,Paraburdoo,Perth,WA
6082,10.49.7.50,34401622361,2604,ABC Broome,2601,ABC RN,2600,Classic FM,2605,triple j,2001,ABC News,2900,ABC EMG1,Argyle,Darwin,WA
6083,10.49.26.14,34401620887,2603,ABC Kalgoo,2601,ABC RN,2600,Classic FM,2605,triple j,2001,ABC News,2900,ABC EMG1,Ravensthorpe,Perth,WA
6084,10.49.23.144,34401609204,2603,ABC Kalgoo,2601,ABC RN,2600,Classic FM,2605,triple j,2001,ABC News,2900,ABC EMG1,Red Hill,Perth,WA
6085,10.49.21.139,34401629398,2603,ABC Kalgoo,2601,ABC RN,2600,Classic FM,2605,triple j,2001,ABC News,2900,ABC EMG1,Red Lake RT,Perth,WA
6087,10.49.36.144,34401629530,2602,ABC Karr,2601,ABC RN,2600,Classic FM,2605,triple j,2001,ABC News,2900,ABC EMG1,Tom Price,Perth,WA
6125,10.66.143.12,34401624301,2602,ABC Karr,2601,ABC RN,2600,Classic FM,2605,triple j,2001,ABC News,2900,ABC EMG1,Shark Bay RT,Perth,WA
6128,10.66.142.78,34402080406,2603,ABC Kalgoo,2601,ABC RN,2600,Classic FM,2605,triple j,2001,ABC News,2900,ABC EMG1,Table Hill RT,Perth,WA
7001,10.49.4.233,34401625361,2702,ABC Laun,2701,ABC RN,2200,Classic FM,2204,triple j,2001,ABC News,2900,ABC EMG1,Companion Hill RT,Tasmania,TAS
7021,10.49.5.74,34401618643,2702,ABC Laun,2701,ABC RN,2200,Classic FM,2204,triple j,2001,ABC News,2900,ABC EMG1,South Sister Hill,Tasmania,TAS
7036,10.66.137.15,34401609641,2702,ABC Laun,2701,ABC RN,2200,Classic FM,2204,triple j,2001,ABC News,2900,ABC EMG1,Moreys Hill,Tasmania,TAS
8007,10.49.13.138,34401628601,2802,1057 ABC Darwin,2801,ABC RN,2800,Classic FM,2805,triple j,2001,ABC News,2900,ABC EMG1,Daly River Mission,Darwin,NT
8015,10.49.34.238,34401610647,2802,1057 ABC Darwin,2801,ABC RN,2800,Classic FM,2805,triple j,2001,ABC News,2900,ABC EMG1,Gregory Place RT,Darwin,NT
8018,10.49.41.175,34401623925,2802,1057 ABC Darwin,2801,ABC RN,2800,Classic FM,2805,triple j,2001,ABC News,2900,ABC EMG1,Mataranka RT,Darwin,NT
8020,10.49.38.209,34401608591,2802,1057 ABC Darwin,2801,ABC RN,2800,Classic FM,2805,triple j,2001,ABC News,2900,ABC EMG1,Mt Saunders,Darwin,NT
8021,10.49.32.171,34401616933,2803,ABC Alice,2801,ABC RN,2800,Classic FM,2805,triple j,2001,ABC News,2900,ABC EMG1,Newcastle Waters RT,Darwin,NT
8023,10.49.27.47,34401598755,2802,1057 ABC Darwin,2801,ABC RN,2800,Classic FM,2805,triple j,2001,ABC News,2900,ABC EMG1,Pine Creek RT,Darwin,NT
2018,10.49.26.107,34401602363,2202,ABC Dubbo,2201,ABC RN,2200,Classic FM,2204,triple j,2001,ABC News,2900,ABC EMG1,Byrock MF,Newcastle,NSW
2038,10.49.42.112,34401624764,2202,ABC Dubbo,2201,ABC RN,2200,Classic FM,2204,triple j,2001,ABC News,2900,ABC EMG1,Goodooga RT,Newcastle,NSW
2057,10.49.42.145,34401618458,2202,ABC Dubbo,2201,ABC RN,2200,Classic FM,2204,triple j,2001,ABC News,2900,ABC EMG1,Lightning Ridge,Newcastle,NSW
2062,10.49.27.239,34401624281,2202,ABC Dubbo,2201,ABC RN,2200,Classic FM,2204,triple j,2001,ABC News,2900,ABC EMG1,Menindee,Adelaide,NSW
2083,10.66.146.235,34401623414,2202,ABC Dubbo,2201,ABC RN,2200,Classic FM,2204,triple j,2001,ABC News,2900,ABC EMG1,Endicotts Hill,Newcastle,NSW
2107,10.49.42.14,34401617130,2202,ABC Dubbo,2201,ABC RN,2200,Classic FM,2204,triple j,2001,ABC News,2900,ABC EMG1,Tottenham,Newcastle,NSW
2112,10.49.4.105,34401626182,2202,ABC Dubbo,2201,ABC RN,2200,Classic FM,2204,triple j,2001,ABC News,2900,ABC EMG1,Walgett,Newcastle,NSW
3085,10.66.149.109,34401617581,2303,774 ABC Melbourne,2301,ABC RN,2300,Classic FM,2204,triple j,2001,ABC News,2900,ABC EMG1,Apollo Bay,Melbourne,VIC
4010,10.49.36.76,34401622213,2406,ABC Toowoo,2401,ABC RN,2400,Classic FM,2405,triple j,2001,ABC News,2900,ABC EMG1,Barcoola Homestead,South Queensland,QLD
4012,10.49.45.76,34401618280,2403,ABC Longre,2401,ABC RN,2400,Classic FM,2405,triple j,2001,ABC News,2900,ABC EMG1,Bedourie,South Queensland,QLD
4013,10.49.32.111,34401616413,2403,ABC Longre,2401,ABC RN,2400,Classic FM,2405,triple j,2001,ABC News,2900,ABC EMG1,Birdsville RT,South Queensland,QLD
4018,10.49.40.204,34402282130,2404,ABC Mt Isa,2401,ABC RN,2400,Classic FM,2405,triple j,2001,ABC News,2900,ABC EMG1,Boulia,South Queensland,QLD
4031,10.49.25.236,34401599485,2403,ABC Longre,2401,ABC RN,2400,Classic FM,2405,triple j,2001,ABC News,2900,ABC EMG1,Warrego River MF,South Queensland,QLD
4035,10.49.43.172,34401607002,2402,ABC Cairns,2401,ABC RN,2400,Classic FM,2405,triple j,2001,ABC News,2900,ABC EMG1,Coen RT,North Queensland,QLD
4059,10.49.44.44,34402073316,2402,ABC Cairns,2401,ABC RN,2400,Classic FM,2405,triple j,2001,ABC News,2900,ABC EMG1,Greenvale,North Queensland,QLD
4083,10.66.143.204,34401619197,2403,ABC Longre,2401,ABC RN,2400,Classic FM,2405,triple j,2001,ABC News,2900,ABC EMG1,Middlemount RT,North Queensland,QLD
4089,10.49.31.173,34401627043,2403,ABC Longre,2401,ABC RN,2400,Classic FM,2405,triple j,2001,ABC News,2900,ABC EMG1,Moura,South Queensland,QLD
4095,10.49.13.203,34401601554,2402,ABC Cairns,2401,ABC RN,2400,Classic FM,2405,triple j,2001,ABC News,2900,ABC EMG1,Mt Devlin,North Queensland,QLD
4103,10.66.138.44,34401613034,2402,ABC Cairns,2401,ABC RN,2400,Classic FM,2405,triple j,2001,ABC News,2900,ABC EMG1,Mt Molloy,North Queensland,QLD
4118,10.49.32.77,34401623403,2403,ABC Longre,2401,ABC RN,2400,Classic FM,2405,triple j,2001,ABC News,2900,ABC EMG1,Quilpie,South Queensland,QLD
4134,10.49.35.238,34401603461,2403,ABC Longre,2401,ABC RN,2400,Classic FM,2405,triple j,2001,ABC News,2900,ABC EMG1,Tambo,South Queensland,QLD
4135,10.49.31.238,34401619295,2406,ABC Toowoo,2401,ABC RN,2400,Classic FM,2405,triple j,2001,ABC News,2900,ABC EMG1,Taroom,South Queensland,QLD
4139,10.49.31.205,34401623620,2406,ABC Toowoo,2401,ABC RN,2400,Classic FM,2405,triple j,2001,ABC News,2900,ABC EMG1,Theodore,South Queensland,QLD
4147,10.49.32.14,34401620684,2406,ABC Toowoo,2401,ABC RN,2400,Classic FM,2405,triple j,2001,ABC News,2900,ABC EMG1,Wandoan,South Queensland,QLD
5001,10.49.18.140,34401609563,2502,ABC PPirie,2501,ABC RN,2500,Classic FM,2505,triple j,2001,ABC News,2900,ABC EMG1,Andamooka RT,Adelaide,SA
5014,10.66.151.206,34402090085,NA,NA,NA,NA,NA,NA,NA,NA,NA,NA,NA,NA,Marree,Adelaide,SA
6001,10.66.133.18,34401598599,2606,ABC Bunbury,2601,ABC RN,2600,Classic FM,2605,triple j,2001,ABC News,2900,ABC EMG1,Augusta,Perth,WA
6009,10.49.34.75,34401619095,2602,ABC Karr,2601,ABC RN,2600,Classic FM,2605,triple j,2001,ABC News,2900,ABC EMG1,Carnarvon MF,Perth,WA
6014,10.49.18.44,34401619448,2608,ABC Gerald,2601,ABC RN,2600,Classic FM,2605,triple j,2001,ABC News,2900,ABC EMG1,Cue,Perth,WA
6018,10.49.15.104,34401625573,2604,ABC Broome,2601,ABC RN,2600,Classic FM,2605,triple j,2001,ABC News,2900,ABC EMG1,Derby MF,Darwin,WA
6022,10.49.16.107,34401615952,2602,ABC Karr,2601,ABC RN,2600,Classic FM,2605,triple j,2001,ABC News,2900,ABC EMG1,Exmouth MF,Perth,WA
6024,10.49.15.13,34401603513,2604,ABC Broome,2601,ABC RN,2600,Classic FM,2605,triple j,2001,ABC News,2900,ABC EMG1,Fitzroy Crossing RT,Darwin,WA
6026,10.49.23.239,34401623131,2603,ABC Kalgoo,2601,ABC RN,2600,Classic FM,2605,triple j,2001,ABC News,2900,ABC EMG1,Ghooli RT,Perth,WA
6029,10.49.24.15,34401623641,2603,ABC Kalgoo,2601,ABC RN,2600,Classic FM,2605,triple j,2001,ABC News,2900,ABC EMG1,Hawkes Place,Perth,WA
6035,10.66.141.136,34401609866,2602,ABC Karr,2601,ABC RN,2600,Classic FM,2605,triple j,2001,ABC News,2900,ABC EMG1,Karratha MF,Perth,WA
6044,10.49.24.47,34401627366,2603,ABC Kalgoo,2601,ABC RN,2600,Classic FM,2605,triple j,2001,ABC News,2900,ABC EMG1,Leonora RT,Perth,WA
6046,10.49.16.237,34401613458,2602,ABC Karr,2601,ABC RN,2600,Classic FM,2605,triple j,2001,ABC News,2900,ABC EMG1,Marble Bar,Perth,WA
6048,10.49.36.208,34401609396,2608,ABC Gerald,2601,ABC RN,2600,Classic FM,2605,triple j,2001,ABC News,2900,ABC EMG1,Meekatharra,Perth,WA
6059,10.49.33.208,34401620298,2608,ABC Gerald,2601,ABC RN,2600,Classic FM,2605,triple j,2001,ABC News,2900,ABC EMG1,Mt Magnet,Perth,WA
6063,10.66.132.42,34401629003,2606,ABC Bunbury,2601,ABC RN,2600,Classic FM,2605,triple j,2001,ABC News,2900,ABC EMG1,Nannup,Perth,WA
6066,10.49.17.108,34394086552,2602,ABC Karr,2601,ABC RN,2600,Classic FM,2605,triple j,2001,ABC News,2900,ABC EMG1,Newman MF,Perth,WA
6067,10.66.150.78,34410095234,2603,ABC Kalgoo,2601,ABC RN,2600,Classic FM,2605,triple j,2001,ABC News,2900,ABC EMG1,Norseman RT,Perth,WA
6080,10.49.20.235,34401597587,2602,ABC Karr,2601,ABC RN,2600,Classic FM,2605,triple j,2001,ABC News,2900,ABC EMG1,Port Hedland MF,Perth,WA
6082,10.49.7.51,34401598367,2604,ABC Broome,2601,ABC RN,2600,Classic FM,2605,triple j,2001,ABC News,2900,ABC EMG1,Argyle,Darwin,WA
6083,10.49.26.15,34401615630,2603,ABC Kalgoo,2601,ABC RN,2600,Classic FM,2605,triple j,2001,ABC News,2900,ABC EMG1,Ravensthorpe,Perth,WA
6128,10.66.142.79,34401617248,2603,ABC Kalgoo,2601,ABC RN,2600,Classic FM,2605,triple j,2001,ABC News,2900,ABC EMG1,Table Hill RT,Perth,WA
8007,10.49.13.137,34401626976,2802,1057 ABC Darwin,2801,ABC RN,2800,Classic FM,2805,triple j,2001,ABC News,2900,ABC EMG1,Daly River Mission,Darwin,NT
8014,10.49.34.204,34401617786,2802,1057 ABC Darwin,2801,ABC RN,2800,Classic FM,2805,triple j,2001,ABC News,2900,ABC EMG1,Jabiru MF,Darwin,NT
8018,10.49.41.174,34401607072,2802,1057 ABC Darwin,2801,ABC RN,2800,Classic FM,2805,triple j,2001,ABC News,2900,ABC EMG1,Mataranka RT,Darwin,NT
8021,10.49.32.172,34401621824,NA,NA,NA,NA,NA,NA,NA,NA,NA,NA,NA,NA,Newcastle Waters RT,Darwin,NT
8023,10.49.27.46,34401598105,2802,1057 ABC Darwin,2801,ABC RN,2800,Classic FM,2805,triple j,2001,ABC News,2900,ABC EMG1,Pine Creek RT,Darwin,NT
2029,10.66.130.237,34401616633,2202,ABC Dubbo,2201,ABC RN,2200,Classic FM,2204,triple j,2001,ABC News,2900,ABC EMG1,Deniliquin,Melbourne,NSW
2058,10.49.7.141,34401625349,2202,ABC Dubbo,2201,ABC RN,2200,Classic FM,2204,triple j,2001,ABC News,2900,ABC EMG1,Littleton,Canberra,NSW
2072,10.66.142.174,34401599934,2202,ABC Dubbo,2201,ABC RN,2200,Classic FM,2204,triple j,2001,ABC News,2900,ABC EMG1,Mt Gray RT,Canberra,NSW
2083,10.66.146.236,34394087503,2202,ABC Dubbo,2201,ABC RN,2200,Classic FM,2204,triple j,2001,ABC News,2900,ABC EMG1,Endicotts Hill,Newcastle,NSW
2096,10.66.145.42,34402273911,2202,ABC Dubbo,2201,ABC RN,2200,Classic FM,2204,triple j,2001,ABC News,2900,ABC EMG1,Rossgole Lookout,Newcastle,NSW
2123,10.12.21.20,34401628252,2202,ABC Dubbo,2201,ABC RN,2200,Classic FM,2204,triple j,2001,ABC News,2900,ABC EMG1,Soma Mountain,Newcastle,NSW
2133,10.49.12.77,34401612797,2202,ABC Dubbo,2201,ABC RN,2200,Classic FM,2204,triple j,2001,ABC News,2900,ABC EMG1,Little Duval Upper RT,Newcastle,NSW
2260,10.66.145.72,34401615114,2205,702 ABC Sydney,2201,ABC RN,2200,Classic FM,2204,triple j,2001,ABC News,2900,ABC EMG1,Mt Penang,Newcastle,NSW
2303,10.49.21.107,34401603350,2202,ABC Dubbo,2201,ABC RN,2200,Classic FM,2204,triple j,2001,ABC News,2900,ABC EMG1,Table Top Mountain,Brisbane,NSW
3050,10.66.148.47,34401614709,2302,ABC Wdnga,2301,ABC RN,2300,Classic FM,2204,triple j,2001,ABC News,2900,ABC EMG1,Tower Hill,Melbourne,VIC
3053,10.49.26.207,34401622000,2302,ABC Wdnga,2301,ABC RN,2300,Classic FM,2204,triple j,2001,ABC News,2900,ABC EMG1,Warrion Hill,Melbourne,VIC
3059,10.49.8.170,34401619504,2001,ABC News,2301,ABC RN,2400,Classic FM,2405,triple j,2001,ABC News,2900,ABC EMG1,Mt Taylor,Melbourne,VIC
4318,10.66.148.235,34401622279,2406,ABC Toowoo,2401,ABC RN,2400,Classic FM,2405,triple j,2001,ABC News,2900,ABC EMG1,Eastmans Ridge,South Queensland,QLD
4319,10.66.137.201,34401614104,2403,ABC Longre,2401,ABC RN,2400,Classic FM,2405,triple j,2001,ABC News,2900,ABC EMG1,Mt Kynoch,South Queensland,QLD
6006,10.49.30.111,34402077292,2604,ABC Broome,2601,ABC RN,2600,Classic FM,2605,triple j,2001,ABC News,2900,ABC EMG1,Broome MF,Darwin,WA
6034,10.49.11.9,34401622026,2602,ABC Karr,2601,ABC RN,2600,Classic FM,2605,triple j,2001,ABC News,2900,ABC EMG1,Karratha,Perth,WA
6057,10.66.136.72,34401625439,2602,ABC Karr,2601,ABC RN,2600,Classic FM,2605,triple j,2001,ABC News,2900,ABC EMG1,Mt Latham RT,Perth,WA
7020,10.49.13.13,34402274362,2702,ABC Laun,2701,ABC RN,2200,Classic FM,2204,triple j,2001,ABC News,2900,ABC EMG1,Round Hill RT,Tasmania,TAS
8017,10.49.11.171,34401628080,2802,1057 ABC Darwin,2801,ABC RN,2800,Classic FM,2805,triple j,2001,ABC News,2900,ABC EMG1,Katherine RT,Darwin,NT
2130,10.66.151.105,34401623920,328,SBS 1 Syd Radio,328,SBS 1 Syd Radio,329,SBS 2 Syd Radio,329,SBS 2 Syd Radio,NO SELECTION,NA,NO SELECTION,NA,Windang Peninsula MF,Canberra,NSW
2147,10.49.24.108,34401606216,NA,NA,NA,NA,NO SELECTION,NA,NO SELECTION,NA,NA,NA,NA,NA,Hexham MF,Newcastle,NSW
4094,10.11.25.20,34403230736,NA,NA,NA,NA,NO SELECTION,NA,NO SELECTION,NA,NA,NA,NA,NA,Mt Coot-Tha,Brisbane,QLD
5018,10.65.174.23,34403230190,NA,NA,NA,NA,NO SELECTION,NA,NO SELECTION,NA,NA,NA,NA,NA,Mt Lofty,Adelaide,SA
6003,10.15.19.23,34403217716,NA,NA,NA,NA,NO SELECTION,NA,NO SELECTION,NA,NA,NA,NA,NA,Bickley,Perth,WA
7016,10.65.180.23,34403233450,NA,NA,NA,NA,NO SELECTION,NA,NO SELECTION,NA,NA,NA,NA,NA,Mt Wellington,Tasmania,TAS
8032,10.14.203.23,34403220577,NA,NA,NA,NA,2300 (NOT PRESENT),NA,NO SELECTION,NA,NA,NA,NA,NA,Deloraine Road,Darwin,NT
2040,10.12.16.75,34412795688,NA,NA,NA,NA,NA,NA,NA,NA,NA,NA,NA,NA,Gore Hill,Canberra,NSW
4056,10.49.26.236,34402076364,2403,ABC Longre,2401,ABC RN,2400,Classic FM,2405,triple j,2001,ABC News,2900,ABC EMG1,Gracemere MF,South Queensland,QLD
4094,10.11.25.80,34401608928,2407,612 ABC Brisbane,2401,ABC RN,2400,Classic FM,2405,triple j,2001,ABC News,2900,ABC EMG1,Mt Coot-Tha,Brisbane,QLD
4144,10.66.135.172,34401615987,2403,ABC Longre,2401,ABC RN,2400,Classic FM,2405,triple j,2001,ABC News,2900,ABC EMG1,Yarrawonga RT,North Queensland,QLD
5018,10.65.174.20,34401622165,2502,ABC PPirie,2501,ABC RN,2500,Classic FM,2505,triple j,2001,ABC News,2900,ABC EMG1,Mt Lofty,Adelaide,SA
7019,10.65.190.20,34401622946,2702,ABC Laun,2701,ABC RN,2200,Classic FM,2204,triple j,2001,ABC News,2900,ABC EMG1,Ralphs Bay MF,Tasmania,TAS
2008,10.15.200.21,34401621580,2202,ABC Dubbo,2201,ABC RN,2200,Classic FM,2204,triple j,2001,ABC News,2900,ABC EMG1,Black Mountain Tower,Canberra,ACT
2046,10.49.33.47,34401623998,2202,ABC Dubbo,2201,ABC RN,2200,Classic FM,2204,triple j,2001,ABC News,2900,ABC EMG1,Ivanhoe RT,Melbourne,NSW
2052,10.12.20.21,34401626601,2202,ABC Dubbo,2201,ABC RN,2200,Classic FM,2204,triple j,2001,ABC News,2900,ABC EMG1,Knights Hill,Canberra,NSW
2064,10.12.18.75,34401621839,2202,ABC Dubbo,2201,ABC RN,2200,Classic FM,2204,triple j,2001,ABC News,2900,ABC EMG1,Middle Brother,Newcastle,NSW
2066,10.49.47.75,34401618709,2202,ABC Dubbo,2201,ABC RN,2200,Classic FM,2204,triple j,2001,ABC News,2900,ABC EMG1,Mt Bingar,Melbourne,NSW
2067,10.12.17.21,34401611715,2202,ABC Dubbo,2201,ABC RN,2200,Classic FM,2204,triple j,2001,ABC News,2900,ABC EMG1,Mt Canobolas,Newcastle,NSW
2068,10.12.22.83,34401628651,2202,ABC Dubbo,2201,ABC RN,2200,Classic FM,2204,triple j,2001,ABC News,2900,ABC EMG1,Mt Cenn Cruaich,Newcastle,NSW
2069,10.12.23.77,34401627337,2202,ABC Dubbo,2201,ABC RN,2200,Classic FM,2204,triple j,2001,ABC News,2900,ABC EMG1,Mt Dowe,Newcastle,NSW
2075,10.12.19.21,34401628170,2202,ABC Dubbo,2201,ABC RN,2200,Classic FM,2204,triple j,2001,ABC News,2900,ABC EMG1,Mt Moombil,Newcastle,NSW
2076,10.12.25.21,34401612944,2202,ABC Dubbo,2201,ABC RN,2200,Classic FM,2204,triple j,2001,ABC News,2900,ABC EMG1,Mt Nardi,Brisbane,NSW
2079,10.12.31.56,34401598311,2202,ABC Dubbo,2201,ABC RN,2200,Classic FM,2204,triple j,2001,ABC News,2900,ABC EMG1,Mt Sugarloaf,Newcastle,NSW
2082,10.12.50.91,34401616992,2202,ABC Dubbo,2201,ABC RN,2200,Classic FM,2204,triple j,2001,ABC News,2900,ABC EMG1,Mt Wandera,Canberra,NSW
2095,10.49.1.44,34401622242,2506,891 ABC Adelaide,2501,ABC RN,2500,Classic FM,2505,triple j,2001,ABC News,2900,ABC EMG1,Rocky Hill,Adelaide,NSW
2132,10.66.138.139,34401623600,2202,ABC Dubbo,2201,ABC RN,2200,Classic FM,2204,triple j,2001,ABC News,2900,ABC EMG1,Willans Hill,Canberra,NSW
3001,10.66.136.107,34401628857,2407,612 ABC Brisbane,2401,ABC RN,2400,Classic FM,2405,triple j,2001,ABC News,2900,ABC EMG1,Apex Lookout,Melbourne,VIC
3008,10.66.128.16,34401623793,2302,ABC Wdnga,2301,ABC RN,2300,Classic FM,2204,triple j,2001,ABC News,2900,ABC EMG1,Dooen MF,Melbourne,VIC
3013,10.13.16.74,34401625636,2302,ABC Wdnga,2301,ABC RN,2300,Classic FM,2204,triple j,2001,ABC News,2900,ABC EMG1,Goschen,Melbourne,VIC
3017,10.13.22.21,34401607376,2302,ABC Wdnga,2301,ABC RN,2300,Classic FM,2204,triple j,2001,ABC News,2900,ABC EMG1,Lookout Hill,Melbourne,VIC
3020,10.49.5.205,34401605992,2302,ABC Wdnga,2301,ABC RN,2300,Classic FM,2204,triple j,2001,ABC News,2900,ABC EMG1,Mallacoota RT,Melbourne,VIC
3026,10.13.23.21,34401623306,2302,ABC Wdnga,2301,ABC RN,2300,Classic FM,2204,triple j,2001,ABC News,2900,ABC EMG1,Mt Alexander,Melbourne,VIC
3028,10.13.24.84,34401617811,2302,ABC Wdnga,2301,ABC RN,2300,Classic FM,2204,triple j,2001,ABC News,2900,ABC EMG1,Mt Baranduda,Melbourne,VIC
3029,10.49.33.143,34401619179,2302,ABC Wdnga,2301,ABC RN,2300,Classic FM,2204,triple j,2001,ABC News,2900,ABC EMG1,Mt Clay,Melbourne,VIC
3031,10.13.17.21,34401618600,2302,ABC Wdnga,2301,ABC RN,2300,Classic FM,2204,triple j,2001,ABC News,2900,ABC EMG1,Mt Dundas,Melbourne,VIC
3035,10.13.21.21,34401629439,2302,ABC Wdnga,2301,ABC RN,2300,Classic FM,2204,triple j,2001,ABC News,2900,ABC EMG1,Mt Major,Melbourne,VIC
3038,10.13.25.81,34402084741,2302,ABC Wdnga,2301,ABC RN,2300,Classic FM,2204,triple j,2001,ABC News,2900,ABC EMG1,Mt Tassie,Melbourne,VIC
3057,10.13.50.21,34401598343,2302,ABC Wdnga,2301,ABC RN,2300,Classic FM,2204,triple j,2001,ABC News,2900,ABC EMG1,Yatpool,Melbourne,VIC
4000,10.66.144.140,34401625400,2403,ABC Longre,2401,ABC RN,2400,Classic FM,2405,triple j,2001,ABC News,2900,ABC EMG1,Alpha,South Queensland,QLD
4006,10.65.42.80,34401620594,2407,612 ABC Brisbane,2401,ABC RN,2400,Classic FM,2405,triple j,2001,ABC News,2900,ABC EMG1,Bald Hills MF,Brisbane,QLD
4014,10.66.149.178,34401626034,2407,612 ABC Brisbane,2401,ABC RN,2400,Classic FM,2405,triple j,2001,ABC News,2900,ABC EMG1,Black Mountain RT,Brisbane,QLD
4023,10.66.150.141,34401629362,2402,ABC Cairns,2401,ABC RN,2400,Classic FM,2405,triple j,2001,ABC News,2900,ABC EMG1,Buchan Point RT,North Queensland,QLD
4026,10.49.6.206,34401610396,2404,ABC Mt Isa,2401,ABC RN,2400,Classic FM,2405,triple j,2001,ABC News,2900,ABC EMG1,Camooweal RT,North Queensland,QLD
4036,10.49.34.145,34401609712,2402,ABC Cairns,2401,ABC RN,2400,Classic FM,2405,triple j,2001,ABC News,2900,ABC EMG1,Cooktown,North Queensland,QLD
4039,10.49.43.236,34401625660,2402,ABC Cairns,2401,ABC RN,2400,Classic FM,2405,triple j,2001,ABC News,2900,ABC EMG1,Croydon,North Queensland,QLD
4046,10.49.17.14,34402275312,2407,612 ABC Brisbane,2401,ABC RN,2400,Classic FM,2405,triple j,2001,ABC News,2900,ABC EMG1,Dulong Lookout,Brisbane,QLD
4051,10.66.146.78,34401625351,2406,ABC Toowoo,2401,ABC RN,2400,Classic FM,2405,triple j,2001,ABC News,2900,ABC EMG1,Emerald Downs RT,South Queensland,QLD
4053,10.49.42.239,34401613656,2402,ABC Cairns,2401,ABC RN,2400,Classic FM,2405,triple j,2001,ABC News,2900,ABC EMG1,Georgetown,North Queensland,QLD
4062,10.49.42.207,34401610206,2404,ABC Mt Isa,2401,ABC RN,2400,Classic FM,2405,triple j,2001,ABC News,2900,ABC EMG1,Hospital Hill,North Queensland,QLD
4070,10.49.8.201,34401611651,2404,ABC Mt Isa,2401,ABC RN,2400,Classic FM,2405,triple j,2001,ABC News,2900,ABC EMG1,Karumba,North Queensland,QLD
4071,10.49.43.204,None,NA,NA,NA,NA,NA,NA,NA,NA,NA,NA,NA,NA,Laura RT,North Queensland,QLD
4074,10.65.202.13,34402089574,2407,612 ABC Brisbane,2401,ABC RN,2400,Classic FM,2405,triple j,2001,ABC News,2900,ABC EMG1,Lower Beechmont,Brisbane,QLD
4086,10.49.5.111,34401602572,2406,ABC Toowoo,2401,ABC RN,2400,Classic FM,2405,triple j,2001,ABC News,2900,ABC EMG1,Mitchell Escarpment,South Queensland,QLD
4091,10.11.22.37,34401604823,2402,ABC Cairns,2401,ABC RN,2400,Classic FM,2405,triple j,2001,ABC News,2900,ABC EMG1,Mt Bellenden-Ker,North Queensland,QLD
4093,10.11.23.21,34402082818,2402,ABC Cairns,2401,ABC RN,2400,Classic FM,2405,triple j,2001,ABC News,2900,ABC EMG1,Mt Blackwood,North Queensland,QLD
4097,10.11.21.37,34401615163,2403,ABC Longre,2401,ABC RN,2400,Classic FM,2405,triple j,2001,ABC News,2900,ABC EMG1,Mt Goonaneman,South Queensland,QLD
4100,10.49.29.79,34401620447,2404,ABC Mt Isa,2401,ABC RN,2400,Classic FM,2405,triple j,2001,ABC News,2900,ABC EMG1,DCA Hill,North Queensland,QLD
4104,10.11.19.37,34401613482,2406,ABC Toowoo,2401,ABC RN,2400,Classic FM,2405,triple j,2001,ABC News,2900,ABC EMG1,Mt Mowbullan,South Queensland,QLD
4105,10.49.12.112,34401625321,2402,ABC Cairns,2401,ABC RN,2400,Classic FM,2405,triple j,2001,ABC News,2900,ABC EMG1,Mt Myrtle RT,North Queensland,QLD
4107,10.11.50.21,34401627360,2403,ABC Longre,2401,ABC RN,2400,Classic FM,2405,triple j,2001,ABC News,2900,ABC EMG1,Mt Stuart,North Queensland,QLD
4114,10.11.18.37,34401600533,2406,ABC Toowoo,2401,ABC RN,2400,Classic FM,2405,triple j,2001,ABC News,2900,ABC EMG1,Passchendaele Ridge,South Queensland,QLD
4115,10.49.43.140,34401622926,2403,ABC Longre,2401,ABC RN,2400,Classic FM,2405,triple j,2001,ABC News,2900,ABC EMG1,Pentland RT,North Queensland,QLD
4125,10.66.150.206,34401605464,2403,ABC Longre,2401,ABC RN,2400,Classic FM,2405,triple j,2001,ABC News,2900,ABC EMG1,Round Hill,South Queensland,QLD
4127,10.66.139.77,None,NA,NA,NA,NA,NA,NA,NA,NA,NA,NA,NA,NA,Shingle Beach Hill,North Queensland,QLD
4176,10.49.17.169,34401612107,2402,ABC Cairns,2401,ABC RN,2400,Classic FM,2405,triple j,2001,ABC News,2900,ABC EMG1,Glenden,North Queensland,QLD
4218,10.49.17.137,34395845715,2402,ABC Cairns,2401,ABC RN,2400,Classic FM,2405,triple j,2001,ABC News,2900,ABC EMG1,Lakeland RT,North Queensland,QLD
5004,10.49.21.46,34401615278,2502,ABC PPirie,2501,ABC RN,2500,Classic FM,2505,triple j,2001,ABC News,2900,ABC EMG1,Borthwick Hill RT,Adelaide,SA
5006,10.49.9.16,34401626536,2502,ABC PPirie,2501,ABC RN,2500,Classic FM,2505,triple j,2001,ABC News,2900,ABC EMG1,Coober Pedy RT,Adelaide,SA
5012,10.49.23.110,34401616571,2502,ABC PPirie,2501,ABC RN,2500,Classic FM,2505,triple j,2001,ABC News,2900,ABC EMG1,Leigh Creek MF,Adelaide,SA
5013,10.65.170.21,34401618459,2502,ABC PPirie,2501,ABC RN,2500,Classic FM,2505,triple j,2001,ABC News,2900,ABC EMG1,Loxton,Adelaide,SA
5015,10.14.17.21,34401622093,2502,ABC PPirie,2501,ABC RN,2500,Classic FM,2505,triple j,2001,ABC News,2900,ABC EMG1,Mt Burr,Adelaide,SA
5024,10.66.129.172,34401616836,2502,ABC PPirie,2501,ABC RN,2500,Classic FM,2505,triple j,2001,ABC News,2900,ABC EMG1,Roxby Downs RT,Adelaide,SA
5025,10.49.22.14,34402275211,2502,ABC PPirie,2501,ABC RN,2500,Classic FM,2505,triple j,2001,ABC News,2900,ABC EMG1,Streaky Bay MF,Adelaide,SA
5027,10.14.18.21,34401628087,2502,ABC PPirie,2501,ABC RN,2500,Classic FM,2505,triple j,2001,ABC News,2900,ABC EMG1,The Bluff,Adelaide,SA
6007,10.49.34.46,34401624063,2602,ABC Karr,2601,ABC RN,2600,Classic FM,2605,triple j,2001,ABC News,2900,ABC EMG1,Brown Range,Perth,WA
6008,10.49.47.9,34401628367,2606,ABC Bunbury,2601,ABC RN,2600,Classic FM,2605,triple j,2001,ABC News,2900,ABC EMG1,Yallingup MF,Perth,WA
6015,10.49.46.172,34402087358,2608,ABC Gerald,2601,ABC RN,2600,Classic FM,2605,triple j,2001,ABC News,2900,ABC EMG1,Dalwallinu MF,Perth,WA
6028,10.65.98.20,34402273467,2607,720 ABC Perth,2601,ABC RN,2600,Classic FM,2605,triple j,2001,ABC News,2900,ABC EMG1,Hamersley MF,Perth,WA
6031,10.49.2.111,34401628886,2608,ABC Gerald,2601,ABC RN,2600,Classic FM,2605,triple j,2001,ABC News,2900,ABC EMG1,Kalbarri,Perth,WA
6047,10.49.0.238,34401621059,2603,ABC Kalgoo,2601,ABC RN,2600,Classic FM,2605,triple j,2001,ABC News,2900,ABC EMG1,Mawson Trig,Perth,WA
6052,10.66.144.177,34401598241,2603,ABC Kalgoo,2601,ABC RN,2600,Classic FM,2605,triple j,2001,ABC News,2900,ABC EMG1,Moresby Range,Perth,WA
6054,10.65.158.22,34401624316,2603,ABC Kalgoo,2601,ABC RN,2600,Classic FM,2605,triple j,2001,ABC News,2900,ABC EMG1,Mt Barker,Perth,WA
6058,10.15.17.24,34401619712,2602,ABC Karr,2601,ABC RN,2600,Classic FM,2605,triple j,2001,ABC News,2900,ABC EMG1,Mt Lennard,Perth,WA
6078,10.49.14.45,34401609394,2603,ABC Kalgoo,2601,ABC RN,2600,Classic FM,2605,triple j,2001,ABC News,2900,ABC EMG1,Peters Hill,Perth,WA
6089,10.66.128.135,34401602216,2606,ABC Bunbury,2601,ABC RN,2600,Classic FM,2605,triple j,2001,ABC News,2900,ABC EMG1,Minding MF,Perth,WA
7007,10.66.137.80,34401613929,2702,ABC Laun,2601,ABC RN,2600,Classic FM,2605,triple j,2001,ABC News,2900,ABC EMG1,Kelcey Tier,Tasmania,TAS
7012,10.13.200.21,34401611041,2702,ABC Laun,2701,ABC RN,2200,Classic FM,2204,triple j,2001,ABC News,2900,ABC EMG1,Mt Barrow,Tasmania,TAS
7016,10.65.180.21,34401616059,2702,ABC Laun,2701,ABC RN,2200,Classic FM,2204,triple j,2001,ABC News,2900,ABC EMG1,Mt Wellington,Tasmania,TAS
8001,10.65.166.203,34401623432,2803,ABC Alice,2801,ABC RN,2800,Classic FM,2805,triple j,2001,ABC News,2900,ABC EMG1,Alice Springs MF,Darwin,NT
8011,10.49.38.239,None,NA,NA,NA,NA,NA,NA,NA,NA,NA,NA,NA,NA,Galiwinku,Darwin,NT
8032,10.14.203.20,34401607188,2802,1057 ABC Darwin,2801,ABC RN,2800,Classic FM,2805,triple j,2001,ABC News,2900,ABC EMG1,Deloraine Road,Darwin,NT
8034,10.66.136.201,34401604550,2802,1057 ABC Darwin,2801,ABC RN,2800,Classic FM,2805,triple j,2001,ABC News,2900,ABC EMG1,West Gap,Darwin,NT
2040,10.12.16.20,34401621615,2202,ABC Dubbo,2201,ABC RN,2200,Classic FM,2204,triple j,2001,ABC News,2900,ABC EMG1,Gore Hill,Canberra,NSW
2040,10.12.16.36,34401613940,2202,ABC Dubbo,2201,ABC RN,2200,Classic FM,2204,triple j,2001,ABC News,2900,ABC EMG1,Gore Hill,Canberra,NSW
4098,10.11.16.37,34401617444,2403,ABC Longre,2401,ABC RN,2400,Classic FM,2405,triple j,2001,ABC News,2900,ABC EMG1,Mt Hopeful,South Queensland,QLD
6065,10.49.22.176,34401625236,2602,ABC Karr,2601,ABC RN,2600,Classic FM,2605,triple j,2001,ABC News,2900,ABC EMG1,Narrogin RT,Perth,WA
2020,10.65.90.20,34401609330,2205,702 ABC Sydney,2201,ABC RN,2200,Classic FM,2204,triple j,2001,ABC News,2900,ABC EMG1,Gungahlin MF,Canberra,ACT
8008,10.65.154.21,34401609865,2802,1057 ABC Darwin,2801,ABC RN,2800,Classic FM,2805,triple j,2001,ABC News,2900,ABC EMG1,Ludmilla Terrace MF,Darwin,NT
2023,10.49.41.208,34401613595,2202,ABC Dubbo,2201,ABC RN,2200,Classic FM,2204,triple j,2001,ABC News,2900,ABC EMG1,Condobolin,Newcastle,NSW
2032,10.49.39.172,34401610965,2202,ABC Dubbo,2201,ABC RN,2200,Classic FM,2204,triple j,2001,ABC News,2900,ABC EMG1,The Gap Range,Brisbane,NSW
2034,10.66.135.110,34401611789,2202,ABC Dubbo,2201,ABC RN,2200,Classic FM,2204,triple j,2001,ABC News,2900,ABC EMG1,Carpenters Hill,Brisbane,NSW
2042,10.49.20.44,34401615305,2202,ABC Dubbo,2201,ABC RN,2200,Classic FM,2204,triple j,2001,ABC News,2900,ABC EMG1,Goulburn MF,Canberra,NSW
2044,10.49.9.236,34401614996,2202,ABC Dubbo,2201,ABC RN,2200,Classic FM,2204,triple j,2001,ABC News,2900,ABC EMG1,Hay,Melbourne,NSW
2047,10.49.37.208,34403225251,NA,NA,NA,NA,NA,NA,NA,NA,NA,NA,NA,NA,Jerilderie,Melbourne,NSW
2049,10.49.41.49,None,NA,NA,NA,NA,NA,NA,NA,NA,NA,NA,NA,NA,Mt Cumbermelon,Newcastle,NSW
2063,10.49.28.208,34402276026,2202,ABC Dubbo,2201,ABC RN,2200,Classic FM,2204,triple j,2001,ABC News,2900,ABC EMG1,Merriwa,Newcastle,NSW
2073,10.66.151.145,34401615912,2202,ABC Dubbo,2201,ABC RN,2200,Classic FM,2204,triple j,2001,ABC News,2900,ABC EMG1,Mt Helen RT,Newcastle,NSW
2077,10.49.6.111,34401626581,2202,ABC Dubbo,2201,ABC RN,2200,Classic FM,2204,triple j,2001,ABC News,2900,ABC EMG1,Mt Oxley RT,Newcastle,NSW
2111,10.49.21.204,34394098180,2202,ABC Dubbo,2201,ABC RN,2200,Classic FM,2204,triple j,2001,ABC News,2900,ABC EMG1,Clive Blakes Hill,Newcastle,NSW
2114,10.49.27.204,34401619444,2202,ABC Dubbo,2201,ABC RN,2200,Classic FM,2204,triple j,2001,ABC News,2900,ABC EMG1,Wilcannia MF,Adelaide,NSW
2149,10.66.150.172,34401623818,2202,ABC Dubbo,2201,ABC RN,2200,Classic FM,2204,triple j,2001,ABC News,2900,ABC EMG1,Balranald Exchange RT,Melbourne,NSW
3032,10.66.133.85,34401615478,2302,ABC Wdnga,2301,ABC RN,2300,Classic FM,2204,triple j,2001,ABC News,2900,ABC EMG1,Mt Elliot,Melbourne,VIC
3033,10.49.27.142,34401613486,2302,ABC Wdnga,2301,ABC RN,2300,Classic FM,2204,triple j,2001,ABC News,2900,ABC EMG1,Mt Lawloit RT,Melbourne,VIC
3034,10.49.40.236,None,NA,NA,NA,NA,NA,NA,NA,NA,NA,NA,NA,NA,Mt Livingstone,Melbourne,VIC
3036,10.49.6.241,34401626986,2302,ABC Wdnga,2301,ABC RN,2300,Classic FM,2204,triple j,2001,ABC News,2900,ABC EMG1,Mt Raymond RT,Melbourne,VIC
3048,10.66.146.16,34401625826,2302,ABC Wdnga,2301,ABC RN,2300,Classic FM,2204,triple j,2001,ABC News,2900,ABC EMG1,The Paps,Melbourne,VIC
3052,10.49.33.76,34402281561,2302,ABC Wdnga,2301,ABC RN,2300,Classic FM,2204,triple j,2001,ABC News,2900,ABC EMG1,Wangaratta MF,Melbourne,VIC
3080,10.49.9.204,34401600864,2302,ABC Wdnga,2301,ABC RN,2300,Classic FM,2204,triple j,2001,ABC News,2900,ABC EMG1,Hopetoun,Melbourne,VIC
4001,10.49.43.112,34401624563,2402,ABC Cairns,2401,ABC RN,2400,Classic FM,2405,triple j,2001,ABC News,2900,ABC EMG1,Aramac,South Queensland,QLD
4003,10.49.23.175,34401598732,2403,ABC Longre,2401,ABC RN,2400,Classic FM,2405,triple j,2001,ABC News,2900,ABC EMG1,Augathella,South Queensland,QLD
4009,10.49.35.76,34401611010,2406,ABC Toowoo,2401,ABC RN,2400,Classic FM,2405,triple j,2001,ABC News,2900,ABC EMG1,Barcaldine,South Queensland,QLD
4015,10.49.36.14,34401609474,2403,ABC Longre,2401,ABC RN,2400,Classic FM,2405,triple j,2001,ABC News,2900,ABC EMG1,Blackall,South Queensland,QLD
4027,10.66.146.140,34401602472,2406,ABC Toowoo,2401,ABC RN,2400,Classic FM,2405,triple j,2001,ABC News,2900,ABC EMG1,Capella,South Queensland,QLD
4030,10.49.21.16,34401627455,2403,ABC Longre,2401,ABC RN,2400,Classic FM,2405,triple j,2001,ABC News,2900,ABC EMG1,Charleville,South Queensland,QLD
4032,10.49.30.207,34401623218,2403,ABC Longre,2401,ABC RN,2400,Classic FM,2405,triple j,2001,ABC News,2900,ABC EMG1,Towers Hill,North Queensland,QLD
4037,10.49.40.172,34402089241,2403,ABC Longre,2401,ABC RN,2400,Classic FM,2405,triple j,2001,ABC News,2900,ABC EMG1,Olio,North Queensland,QLD
4041,10.66.146.173,34402071248,2403,ABC Longre,2401,ABC RN,2400,Classic FM,2405,triple j,2001,ABC News,2900,ABC EMG1,Cutlers Hill RT,South Queensland,QLD
4045,10.49.25.79,34401620842,2402,ABC Cairns,2401,ABC RN,2400,Classic FM,2405,triple j,2001,ABC News,2900,ABC EMG1,Dirranbandi,South Queensland,QLD
4048,10.49.31.110,34402079985,2406,ABC Toowoo,2401,ABC RN,2400,Classic FM,2405,triple j,2001,ABC News,2900,ABC EMG1,Reservoir Hill,South Queensland,QLD
4054,10.49.25.113,34402087590,2406,ABC Toowoo,2401,ABC RN,2400,Classic FM,2405,triple j,2001,ABC News,2900,ABC EMG1,Goondiwindi,South Queensland,QLD
4058,10.49.39.50,34401616318,2403,ABC Longre,2401,ABC RN,2400,Classic FM,2405,triple j,2001,ABC News,2900,ABC EMG1,Green Hill,North Queensland,QLD
4064,10.49.32.241,34401622996,2403,ABC Longre,2401,ABC RN,2400,Classic FM,2405,triple j,2001,ABC News,2900,ABC EMG1,Hughenden,North Queensland,QLD
4066,10.49.40.140,34401625600,2403,ABC Longre,2401,ABC RN,2400,Classic FM,2405,triple j,2001,ABC News,2900,ABC EMG1,Isisford,South Queensland,QLD
4067,10.66.144.76,34401611493,2403,ABC Longre,2401,ABC RN,2400,Classic FM,2405,triple j,2001,ABC News,2900,ABC EMG1,Colorado,South Queensland,QLD
4069,10.49.28.111,34401620851,2404,ABC Mt Isa,2401,ABC RN,2400,Classic FM,2405,triple j,2001,ABC News,2900,ABC EMG1,Julia Creek RT,North Queensland,QLD
4072,10.49.3.174,34401624418,2403,ABC Longre,2401,ABC RN,2400,Classic FM,2405,triple j,2001,ABC News,2900,ABC EMG1,Longreach,South Queensland,QLD
4084,10.49.2.216,34401598242,2403,ABC Longre,2401,ABC RN,2400,Classic FM,2405,triple j,2001,ABC News,2900,ABC EMG1,Miles Hill RT,South Queensland,QLD
4087,10.49.22.207,34401613750,2403,ABC Longre,2401,ABC RN,2400,Classic FM,2405,triple j,2001,ABC News,2900,ABC EMG1,Morven,South Queensland,QLD
4090,10.66.139.138,34401627231,2403,ABC Longre,2401,ABC RN,2400,Classic FM,2405,triple j,2001,ABC News,2900,ABC EMG1,Mt Avarice RT,North Queensland,QLD
4112,10.49.17.76,34401612558,2403,ABC Longre,2401,ABC RN,2400,Classic FM,2405,triple j,2001,ABC News,2900,ABC EMG1,Muttaburra,South Queensland,QLD
4117,10.66.138.15,34401606323,2402,ABC Cairns,2401,ABC RN,2400,Classic FM,2405,triple j,2001,ABC News,2900,ABC EMG1,Newell Beach RT,North Queensland,QLD
4119,10.49.30.174,34401601639,2403,ABC Longre,2401,ABC RN,2400,Classic FM,2405,triple j,2001,ABC News,2900,ABC EMG1,Rangelands,North Queensland,QLD
4120,10.49.28.46,34401604085,2403,ABC Longre,2401,ABC RN,2400,Classic FM,2405,triple j,2001,ABC News,2900,ABC EMG1,Richmond RT,North Queensland,QLD
4122,10.49.15.140,34401625335,2402,ABC Cairns,2401,ABC RN,2400,Classic FM,2405,triple j,2001,ABC News,2900,ABC EMG1,Rocky Point,North Queensland,QLD
4123,10.66.146.109,34401610643,2403,ABC Longre,2401,ABC RN,2400,Classic FM,2405,triple j,2001,ABC News,2900,ABC EMG1,Roddas Lookout RT,South Queensland,QLD
4131,10.49.20.174,34401619075,2403,ABC Longre,2401,ABC RN,2400,Classic FM,2405,triple j,2001,ABC News,2900,ABC EMG1,St George,South Queensland,QLD
4133,10.49.10.205,34401610281,2403,ABC Longre,2401,ABC RN,2400,Classic FM,2405,triple j,2001,ABC News,2900,ABC EMG1,Mt Walpanara,South Queensland,QLD
4151,10.49.10.141,34401602231,2403,ABC Longre,2401,ABC RN,2400,Classic FM,2405,triple j,2001,ABC News,2900,ABC EMG1,Yellowcap Ridge,South Queensland,QLD
5009,10.49.22.239,34401614458,2502,ABC PPirie,2501,ABC RN,2500,Classic FM,2505,triple j,2001,ABC News,2900,ABC EMG1,Hawker,Adelaide,SA
5010,10.49.8.146,34401623571,2502,ABC PPirie,2501,ABC RN,2500,Classic FM,2505,triple j,2001,ABC News,2900,ABC EMG1,Keith RT,Adelaide,SA
5011,10.49.17.237,34401600886,2502,ABC PPirie,2501,ABC RN,2500,Classic FM,2505,triple j,2001,ABC News,2900,ABC EMG1,Kongwirra RT,Adelaide,SA
5016,10.49.18.75,34401617116,2502,ABC PPirie,2501,ABC RN,2500,Classic FM,2505,triple j,2001,ABC News,2900,ABC EMG1,Mt Damper,Adelaide,SA
5023,10.49.35.144,34401625540,NA,NA,NA,NA,2501,ABC RN,2500,Classic FM,NA,NA,NA,NA,Quorn,Adelaide,SA
5029,10.66.131.40,34401621436,2502,ABC PPirie,2501,ABC RN,2500,Classic FM,2505,triple j,2001,ABC News,2900,ABC EMG1,Watertank Hill RT,Adelaide,SA
5031,10.49.17.205,34402869694,2502,ABC PPirie,2501,ABC RN,2500,Classic FM,2505,triple j,2001,ABC News,2900,ABC EMG1,Wirrulla RT,Adelaide,SA
6017,10.66.140.113,34401609159,2604,ABC Broome,2601,ABC RN,2600,Classic FM,2605,triple j,2001,ABC News,2900,ABC EMG1,Derby Town RT,Darwin,WA
6019,10.49.21.236,34401609669,2603,ABC Kalgoo,2601,ABC RN,2400,Classic FM,2405,triple j,2001,ABC News,2900,ABC EMG1,Eneabba,Perth,WA
6021,10.66.143.46,34401616707,2602,ABC Karr,2601,ABC RN,2600,Classic FM,2605,triple j,2001,ABC News,2900,ABC EMG1,North West Cape,Perth,WA
6030,10.49.28.14,34401625618,2603,ABC Kalgoo,2601,ABC RN,2600,Classic FM,2605,triple j,2001,ABC News,2900,ABC EMG1,Jurien,Perth,WA
6042,10.49.28.77,34401621563,2603,ABC Kalgoo,2601,ABC RN,2600,Classic FM,2605,triple j,2001,ABC News,2900,ABC EMG1,Leeman,Perth,WA
6050,10.66.147.236,34394090832,2603,ABC Kalgoo,2601,ABC RN,2600,Classic FM,2605,triple j,2001,ABC News,2900,ABC EMG1,Merredin RT,Perth,WA
6053,10.66.140.139,34402281033,2604,ABC Broome,2601,ABC RN,2600,Classic FM,2605,triple j,2001,ABC News,2900,ABC EMG1,Mt Albany,Darwin,WA
6061,10.49.35.49,34401599396,2603,ABC Kalgoo,2601,ABC RN,2600,Classic FM,2605,triple j,2001,ABC News,2900,ABC EMG1,Mt Welcome,Perth,WA
6064,10.49.27.79,34401622698,2603,ABC Kalgoo,2601,ABC RN,2600,Classic FM,2605,triple j,2001,ABC News,2900,ABC EMG1,Narembeen,Perth,WA
6071,10.66.143.76,34402862858,2602,ABC Karr,2601,ABC RN,2600,Classic FM,2605,triple j,2001,ABC News,2900,ABC EMG1,Onslow,Perth,WA
6072,10.49.16.172,34401603193,2602,ABC Karr,2601,ABC RN,2600,Classic FM,2605,triple j,2001,ABC News,2900,ABC EMG1,Pannawonica,Perth,WA
6074,10.49.8.21,34402279420,2602,ABC Karr,2601,ABC RN,2600,Classic FM,2605,triple j,2001,ABC News,2900,ABC EMG1,Paraburdoo,Perth,WA
6084,10.49.23.145,34401629049,2603,ABC Kalgoo,2601,ABC RN,2600,Classic FM,2605,triple j,2001,ABC News,2900,ABC EMG1,Red Hill,Perth,WA
6085,10.49.21.140,34401610178,2603,ABC Kalgoo,2601,ABC RN,2600,Classic FM,2605,triple j,2001,ABC News,2900,ABC EMG1,Red Lake RT,Perth,WA
6087,10.49.36.145,34401624140,2602,ABC Karr,2601,ABC RN,2600,Classic FM,2605,triple j,2001,ABC News,2900,ABC EMG1,Tom Price,Perth,WA
6125,10.66.143.13,34401625300,2602,ABC Karr,2601,ABC RN,2600,Classic FM,2605,triple j,2001,ABC News,2900,ABC EMG1,Shark Bay RT,Perth,WA
7001,10.49.4.234,34401629542,2702,ABC Laun,2701,ABC RN,2200,Classic FM,2204,triple j,2001,ABC News,2900,ABC EMG1,Companion Hill RT,Tasmania,TAS
7036,10.66.137.16,34401613400,2702,ABC Laun,2701,ABC RN,2200,Classic FM,2204,triple j,2001,ABC News,2900,ABC EMG1,Moreys Hill,Tasmania,TAS
8015,10.49.34.239,34401625144,2802,1057 ABC Darwin,2801,ABC RN,2800,Classic FM,2805,triple j,2001,ABC News,2900,ABC EMG1,Gregory Place RT,Darwin,NT
8020,10.49.38.210,34401604110,2802,1057 ABC Darwin,2801,ABC RN,2800,Classic FM,2805,triple j,2001,ABC News,2900,ABC EMG1,Mt Saunders,Darwin,NT
2014,10.49.10.10,34402867676,2502,ABC PPirie,2401,ABC RN,2400,Classic FM,2405,triple j,2001,ABC News,2900,ABC EMG1,Broken Hill MF,Adelaide,NSW
2020,10.65.90.21,None,2205,702 ABC Sydney,2201,ABC RN,2200,Classic FM,2204,triple j,2001,ABC News,2900,ABC EMG1,Gungahlin MF,Canberra,ACT
2026,10.49.20.11,34401622160,2202,ABC Dubbo,2201,ABC RN,2200,Classic FM,2204,triple j,2001,ABC News,2900,ABC EMG1,Corowa MF,Melbourne,NSW
2027,10.66.143.172,34401614715,2202,ABC Dubbo,2201,ABC RN,2200,Classic FM,2204,triple j,2001,ABC News,2900,ABC EMG1,Wades Hill,Canberra,NSW
2093,10.49.38.175,34401617750,2202,ABC Dubbo,2201,ABC RN,2200,Classic FM,2204,triple j,2001,ABC News,2900,ABC EMG1,Garlands Hill,Canberra,NSW
2260,10.66.145.73,34401615024,2205,702 ABC Sydney,2201,ABC RN,2200,Classic FM,2204,triple j,2001,ABC News,2900,ABC EMG1,Mt Penang,Newcastle,NSW
4020,10.65.186.20,34394090259,2402,ABC Cairns,2401,ABC RN,2400,Classic FM,2405,triple j,2001,ABC News,2900,ABC EMG1,Brandon MF,North Queensland,QLD
4028,10.49.43.16,34401627162,2402,ABC Cairns,2401,ABC RN,2400,Classic FM,2405,triple j,2001,ABC News,2900,ABC EMG1,Carborough Range,North Queensland,QLD
4042,10.49.20.107,34401621736,2406,ABC Toowoo,2401,ABC RN,2400,Classic FM,2405,triple j,2001,ABC News,2900,ABC EMG1,Dalby MF,South Queensland,QLD
4050,10.49.19.172,34401629543,2403,ABC Longre,2401,ABC RN,2400,Classic FM,2405,triple j,2001,ABC News,2900,ABC EMG1,Emerald MF,South Queensland,QLD
4055,10.66.135.233,34401627995,2402,ABC Cairns,2401,ABC RN,2400,Classic FM,2405,triple j,2001,ABC News,2900,ABC EMG1,Gordonvale MF,North Queensland,QLD
4068,10.49.42.171,34402864247,2404,ABC Mt Isa,2401,ABC RN,2400,Classic FM,2405,triple j,2001,ABC News,2900,ABC EMG1,Julia Creek MF,North Queensland,QLD
4132,10.49.35.203,34401629346,2406,ABC Toowoo,2401,ABC RN,2400,Classic FM,2405,triple j,2001,ABC News,2900,ABC EMG1,St George MF,South Queensland,QLD
4141,10.49.39.107,34401597823,2402,ABC Cairns,2401,ABC RN,2400,Classic FM,2405,triple j,2001,ABC News,2900,ABC EMG1,Thursday Island MF,North Queensland,QLD
4152,10.66.150.11,34401620039,2402,ABC Cairns,2401,ABC RN,2400,Classic FM,2405,triple j,2001,ABC News,2900,ABC EMG1,Yungaburra MF,North Queensland,QLD
4187,10.49.14.76,34401626972,2403,ABC Longre,2401,ABC RN,2400,Classic FM,2405,triple j,2001,ABC News,2900,ABC EMG1,Biloela RT,South Queensland,QLD
5002,10.49.18.9,34401602936,2502,ABC PPirie,2501,ABC RN,2500,Classic FM,2505,triple j,2001,ABC News,2900,ABC EMG1,Berri MF,Adelaide,SA
5007,10.49.18.168,34401611463,2502,ABC PPirie,2501,ABC RN,2500,Classic FM,2505,triple j,2001,ABC News,2900,ABC EMG1,Crystal Brook MF,Adelaide,SA
5020,10.49.26.75,34402869295,2502,ABC PPirie,2501,ABC RN,2500,Classic FM,2505,triple j,2001,ABC News,2900,ABC EMG1,Naracoorte MF,Adelaide,SA
5022,10.66.135.45,34401621182,NA,NA,NA,NA,2501,ABC RN,2500,Classic FM,NA,NA,NA,NA,Port Lincoln MF,Adelaide,SA
6000,10.66.148.139,34401616443,2606,ABC Bunbury,2601,ABC RN,2600,Classic FM,2605,triple j,2001,ABC News,2900,ABC EMG1,Albany MF,Perth,WA
6005,10.49.24.235,34401602914,2606,ABC Bunbury,2601,ABC RN,2600,Classic FM,2605,triple j,2001,ABC News,2900,ABC EMG1,Bridgetown MF,Perth,WA
6025,10.49.32.203,34401612084,2608,ABC Gerald,2601,ABC RN,2600,Classic FM,2605,triple j,2001,ABC News,2900,ABC EMG1,Narra Tarra Estate MF,Perth,WA
6032,10.49.22.139,34401620877,2603,ABC Kalgoo,2601,ABC RN,2600,Classic FM,2605,triple j,2001,ABC News,2900,ABC EMG1,Kalgoorlie MF,Perth,WA
6073,10.49.16.203,34401608321,2602,ABC Karr,2601,ABC RN,2600,Classic FM,2605,triple j,2001,ABC News,2900,ABC EMG1,Pannawonica MF,Perth,WA
8026,10.49.11.204,34401628089,2803,ABC Alice,2801,ABC RN,2800,Classic FM,2805,triple j,2001,ABC News,2900,ABC EMG1,Tennant Creek RT,Darwin,NT
2018,10.49.26.108,34401609586,2202,ABC Dubbo,2201,ABC RN,2200,Classic FM,2204,triple j,2001,ABC News,2900,ABC EMG1,Byrock MF,Newcastle,NSW
2107,10.49.42.15,34401604175,2202,ABC Dubbo,2201,ABC RN,2200,Classic FM,2204,triple j,2001,ABC News,2900,ABC EMG1,Tottenham,Newcastle,NSW
3085,10.66.149.110,34401623532,2303,774 ABC Melbourne,2301,ABC RN,2300,Classic FM,2204,triple j,2001,ABC News,2900,ABC EMG1,Apollo Bay,Melbourne,VIC
4031,10.49.25.237,34401617726,2403,ABC Longre,2401,ABC RN,2400,Classic FM,2405,triple j,2001,ABC News,2900,ABC EMG1,Warrego River MF,South Queensland,QLD
4073,10.65.142.21,34401610661,2403,ABC Longre,2401,ABC RN,2400,Classic FM,2405,triple j,2001,ABC News,2900,ABC EMG1,Cramsie MF,South Queensland,QLD
6009,10.49.34.76,34401619307,2602,ABC Karr,2601,ABC RN,2600,Classic FM,2605,triple j,2001,ABC News,2900,ABC EMG1,Carnarvon MF,Perth,WA
6018,10.49.15.105,34401601612,2604,ABC Broome,2601,ABC RN,2600,Classic FM,2605,triple j,2001,ABC News,2900,ABC EMG1,Derby MF,Darwin,WA
6022,10.49.16.108,34401611576,2602,ABC Karr,2601,ABC RN,2600,Classic FM,2605,triple j,2001,ABC News,2900,ABC EMG1,Exmouth MF,Perth,WA
6035,10.66.141.137,34401628179,2602,ABC Karr,2601,ABC RN,2600,Classic FM,2605,triple j,2001,ABC News,2900,ABC EMG1,Karratha MF,Perth,WA
6080,10.49.20.236,34401625206,2602,ABC Karr,2601,ABC RN,2600,Classic FM,2605,triple j,2001,ABC News,2900,ABC EMG1,Port Hedland MF,Perth,WA
8014,10.49.11.172,34401623271,2802,1057 ABC Darwin,2801,ABC RN,2800,Classic FM,2805,triple j,2001,ABC News,2900,ABC EMG1,Jabiru MF,Darwin,NT
3018,10.65.178.20,34401626369,2303,774 ABC Melbourne,2301,ABC RN,2300,Classic FM,2204,triple j,2001,ABC News,2900,ABC EMG1,Lower Plenty MF,Melbourne,VIC
5038,10.65.184.20,34401624253,2502,ABC PPirie,2501,ABC RN,2500,Classic FM,2505,triple j,2001,ABC News,2900,ABC EMG1,Wingfield MF,Adelaide,SA
2096,10.66.145.43,34394100439,2202,ABC Dubbo,2201,ABC RN,2200,Classic FM,2204,triple j,2001,ABC News,2900,ABC EMG1,Rossgole Lookout,Newcastle,NSW
2123,10.12.21.21,34401628753,2202,ABC Dubbo,2201,ABC RN,2200,Classic FM,2204,triple j,2001,ABC News,2900,ABC EMG1,Soma Mountain,Newcastle,NSW
2133,10.49.12.78,34401624863,2202,ABC Dubbo,2201,ABC RN,2200,Classic FM,2204,triple j,2001,ABC News,2900,ABC EMG1,Little Duval Upper RT,Newcastle,NSW
2303,10.49.21.108,34401614356,2202,ABC Dubbo,2201,ABC RN,2200,Classic FM,2204,triple j,2001,ABC News,2900,ABC EMG1,Table Top Mountain,Brisbane,NSW
3050,10.66.148.48,34402275833,2302,ABC Wdnga,2301,ABC RN,2300,Classic FM,2204,triple j,2001,ABC News,2900,ABC EMG1,Tower Hill,Melbourne,VIC
3053,10.49.26.208,34401627981,2302,ABC Wdnga,2301,ABC RN,2300,Classic FM,2204,triple j,2001,ABC News,2900,ABC EMG1,Warrion Hill,Melbourne,VIC
3059,10.49.8.171,34401605407,2001,ABC News,2301,ABC RN,2300,Classic FM,2204,triple j,2001,ABC News,2900,ABC EMG1,Mt Taylor,Melbourne,VIC
3171,10.49.1.8,34401625829,2302,ABC Wdnga,2301,ABC RN,2300,Classic FM,2204,triple j,2001,ABC News,2900,ABC EMG1,Mt Warrenheip,Melbourne,VIC
4161,10.66.139.107,None,NA,NA,NA,NA,NA,NA,NA,NA,NA,NA,NA,NA,Bowen Hill,North Queensland,QLD
4318,10.66.148.236,34401624126,2406,ABC Toowoo,2401,ABC RN,2400,Classic FM,2405,triple j,2001,ABC News,2900,ABC EMG1,Eastmans Ridge,South Queensland,QLD
6057,10.66.136.73,34401617625,2606,ABC Bunbury,2601,ABC RN,2600,Classic FM,2605,triple j,2001,ABC News,2900,ABC EMG1,Mt Latham RT,Perth,WA
7020,10.49.13.14,34401605204,2702,ABC Laun,2701,ABC RN,2200,Classic FM,2204,triple j,2001,ABC News,2900,ABC EMG1,Round Hill RT,Tasmania,TAS
8017,10.49.11.172,34401623271,2802,1057 ABC Darwin,2801,ABC RN,2800,Classic FM,2805,triple j,2001,ABC News,2900,ABC EMG1,Katherine RT,Darwin,NT
2116,10.65.86.15,34412796765,NA,NA,NA,NA,NA,NA,NA,NA,NA,NA,NA,NA,Windang Town MF,Canberra,NSW
2020,10.65.90.22,34410093413,NA,NA,NA,NA,NA,NA,NA,NA,NA,NA,NA,NA,Gungahlin MF,Canberra,ACT
2130,10.66.151.106,34394092551,328,SBS 1 Syd Radio,328,SBS 1 Syd Radio,NO SELECTION,NA,NO SELECTION,NA,NO SELECTION,NA,NO SELECTION,NA,Windang Peninsula MF,Canberra,NSW
2147,10.49.24.107,34401626097,NA,NA,NA,NA,NO SELECTION,NA,NO SELECTION,NA,NA,NA,NA,NA,Hexham MF,Newcastle,NSW
4094,10.11.25.21,34403236251,NA,NA,NA,NA,NO SELECTION,NA,NO SELECTION,NA,NA,NA,NA,NA,Mt Coot-Tha,Brisbane,QLD
5018,10.65.174.24,34402877787,NA,NA,NA,NA,NO SELECTION,NA,NO SELECTION,NA,NA,NA,NA,NA,Mt Lofty,Adelaide,SA
6003,10.15.19.24,34401624031,NA,NA,NA,NA,NO SELECTION,NA,NO SELECTION,NA,NA,NA,NA,NA,Bickley,Perth,WA
8032,10.14.203.22,34403228844,NA,NA,NA,NA,2300 (NOT PRESENT),NA,NO SELECTION,NA,NA,NA,NA,NA,Deloraine Road,Darwin,NT
7021,10.49.5.75,None,NA,NA,NA,NA,NA,NA,NA,NA,NA,NA,NA,NA,South Sister Hill,Tasmania,TAS
2008,10.15.200.20,None,NA,NA,NA,NA,NA,NA,NA,NA,NA,NA,NA,NA,Black Mountain Tower,Canberra,ACT
3047,10.65.74.20,34412795724,2303,774 ABC Melbourne,2301,ABC RN,2400,Classic FM,2405,triple j,2001,ABC News,2900,ABC EMG1,Sydenham MF,Melbourne,VIC
5021,10.65.94.20,34401612337,2506,891 ABC Adelaide,2501,ABC RN,2500,Classic FM,2505,triple j,2001,ABC News,2900,ABC EMG1,Pimpala MF,Adelaide,SA
4094,10.11.25.81,34401619078,2407,612 ABC Brisbane,2401,ABC RN,2400,Classic FM,2405,triple j,2001,ABC News,2900,ABC EMG1,Mt Coot-Tha,Brisbane,QLD
5018,10.65.174.21,34401599506,2502,ABC PPirie,2501,ABC RN,2500,Classic FM,2505,triple j,2001,ABC News,2900,ABC EMG1,Mt Lofty,Adelaide,SA
7019,10.65.190.21,34401611579,2702,ABC Laun,2701,ABC RN,2200,Classic FM,2204,triple j,2001,ABC News,2900,ABC EMG1,Ralphs Bay MF,Tasmania,TAS
4006,10.65.42.81,34401615086,2407,612 ABC Brisbane,2401,ABC RN,2400,Classic FM,2405,triple j,2001,ABC News,2900,ABC EMG1,Bald Hills MF,Brisbane,QLD
4097,10.11.21.80,34401606144,2403,ABC Longre,2401,ABC RN,2400,Classic FM,2405,triple j,2001,ABC News,2900,ABC EMG1,Mt Goonaneman,South Queensland,QLD
6028,10.65.98.21,34401615201,2607,720 ABC Perth,2601,ABC RN,2600,Classic FM,2605,triple j,2001,ABC News,2900,ABC EMG1,Hamersley MF,Perth,WA
7016,10.65.180.22,34401606669,2702,ABC Laun,2701,ABC RN,2200,Classic FM,2204,triple j,2001,ABC News,2900,ABC EMG1,Mt Wellington,Tasmania,TAS
8032,10.14.203.21,34401598289,2802,1057 ABC Darwin,2801,ABC RN,2800,Classic FM,2805,triple j,2001,ABC News,2900,ABC EMG1,Deloraine Road,Darwin,NT
6003,10.15.19.20,34401615990,2602,ABC Karr,2601,ABC RN,2600,Classic FM,2605,triple j,2001,ABC News,2900,ABC EMG1,Bickley,Perth,WA
3056,10.49.33.108,34401602059,2302,ABC Wdnga,2401,ABC RN,2400,Classic FM,2405,triple j,2001,ABC News,2900,ABC EMG1,Wodonga MF,Melbourne,VIC
2017,10.49.38.47,34402282704,2202,ABC Dubbo,2201,ABC RN,2200,Classic FM,2204,triple j,2001,ABC News,2900,ABC EMG1,Buninyong Hill RT,Newcastle,NSW
3016,10.13.52.12,34401607007,2302,ABC Wdnga,2301,ABC RN,2300,Classic FM,2204,triple j,2001,ABC News,2900,ABC EMG1,Longford MF,Melbourne,VIC
4309,10.49.10.169,34401608443,2403,ABC Longre,2901,ABC EMG2,NO SELECTION,NA,NO SELECTION,NA,NO SELECTION,NA,2900,ABC EMG1,Dundowran MF,South Queensland,QLD
6003,10.15.19.21,34401626110,2602,ABC Karr,2601,ABC RN,2600,Classic FM,2605,triple j,2001,ABC News,2900,ABC EMG1,Bickley,Perth,WA
7016,10.65.180.24,34403233778,NA,NA,NA,NA,NO SELECTION,NA,NO SELECTION,NA,NA,NA,NA,NA,Mt Wellington,Tasmania,TAS
3047,10.65.74.21,34412805243,2303,774 ABC Melbourne,2301,ABC RN,2400,Classic FM,2405,triple j,2001,ABC News,2900,ABC EMG1,Sydenham MF,Melbourne,VIC
1001,10.66.145.42,34402273911,2202,ABC Dubbo,2201,ABC RN,2200,Classic FM,2204,triple j,2001,ABC News,2900,ABC EMG1,Mulong,No District,NA
1001,10.49.39.107,34401597823,2402,ABC Cairns,2401,ABC RN,2400,Classic FM,2405,triple j,2001,ABC News,2900,ABC EMG1,Mulong,No District,NA
